entity_name,date,posts_in_day,sponsored_posts_in_day,cumulative_posts,cumulative_sponsored_posts
alena-schillerova,2021-09-06,1,0,641,20
alena-schillerova,2021-09-05,5,0,640,20
jan-farsky,2021-09-05,1,0,140,2
alena-schillerova,2021-09-04,6,0,635,20
alena-schillerova,2021-09-03,1,0,629,20
alexandra-udzenija,2021-09-03,1,0,147,0
jan-farsky,2021-09-03,1,0,139,2
klara-dostalova,2021-09-03,1,0,175,0
alexandra-udzenija,2021-09-02,1,0,146,0
petr-fiala,2021-09-02,3,2,860,135
radek-vondracek,2021-09-02,1,0,181,0
alena-schillerova,2021-09-01,6,0,628,20
alexandra-udzenija,2021-09-01,1,0,145,0
andrej-babis,2021-09-01,6,0,1189,55
klara-dostalova,2021-09-01,2,0,174,0
zdenek-hrib,2021-09-01,1,0,157,0
alena-schillerova,2021-08-31,4,0,622,20
alexandra-udzenija,2021-08-31,1,0,144,0
andrej-babis,2021-08-31,3,0,1183,55
klara-dostalova,2021-08-31,1,0,172,0
petr-fiala,2021-08-31,4,0,857,133
andrej-babis,2021-08-30,5,0,1180,55
martin-kupka,2021-08-30,2,2,225,26
petr-fiala,2021-08-30,1,0,853,133
alexandra-udzenija,2021-08-29,1,0,143,0
klara-dostalova,2021-08-29,1,0,171,0
martin-kupka,2021-08-29,1,0,223,24
tomio-okamura,2021-08-29,8,6,1696,972
alena-schillerova,2021-08-28,1,0,618,20
andrej-babis,2021-08-28,3,0,1175,55
klara-dostalova,2021-08-28,1,0,170,0
tomio-okamura,2021-08-28,1,0,1688,966
alexandra-udzenija,2021-08-27,1,0,142,0
andrej-babis,2021-08-27,1,0,1172,55
klara-dostalova,2021-08-27,2,0,169,0
martin-kupka,2021-08-27,1,1,222,24
miroslav-kalousek,2021-08-27,1,0,380,0
petr-fiala,2021-08-27,1,0,852,133
alena-schillerova,2021-08-26,1,0,617,20
jan-farsky,2021-08-26,1,0,138,2
klara-dostalova,2021-08-26,2,0,167,0
martin-kupka,2021-08-26,1,0,221,23
miroslav-kalousek,2021-08-26,1,0,379,0
petr-fiala,2021-08-26,1,0,851,133
tomio-okamura,2021-08-26,2,2,1687,966
martin-kupka,2021-08-25,2,0,220,23
miroslav-kalousek,2021-08-25,1,0,378,0
petr-fiala,2021-08-25,3,0,850,133
zdenek-hrib,2021-08-25,1,0,156,0
jan-farsky,2021-08-24,1,0,137,2
klara-dostalova,2021-08-24,11,0,165,0
miroslav-kalousek,2021-08-24,1,0,377,0
petr-fiala,2021-08-24,4,4,847,133
jan-farsky,2021-08-23,1,0,136,2
klara-dostalova,2021-08-23,1,0,154,0
radek-vondracek,2021-08-23,2,0,180,0
martin-kupka,2021-08-22,3,3,218,23
petr-fiala,2021-08-22,4,4,843,129
andrej-babis,2021-08-21,1,0,1171,55
martin-kupka,2021-08-21,2,0,215,20
petr-fiala,2021-08-21,2,0,839,125
radek-vondracek,2021-08-21,10,0,178,0
alexandra-udzenija,2021-08-20,1,0,141,0
martin-kupka,2021-08-20,3,0,213,20
petr-fiala,2021-08-20,9,6,837,125
radek-vondracek,2021-08-20,2,0,168,0
zdenek-hrib,2021-08-20,4,0,155,0
alexandra-udzenija,2021-08-19,1,0,140,0
klara-dostalova,2021-08-19,2,0,153,0
martin-kupka,2021-08-19,1,0,210,20
miroslav-kalousek,2021-08-19,1,0,376,0
petr-fiala,2021-08-19,5,4,828,119
zdenek-hrib,2021-08-19,3,0,151,0
andrej-babis,2021-08-18,1,0,1170,55
martin-kupka,2021-08-18,1,0,209,20
petr-fiala,2021-08-18,8,0,823,115
petr-gazdik,2021-08-18,1,0,20,0
radek-vondracek,2021-08-18,3,0,166,0
tomio-okamura,2021-08-18,6,1,1685,964
alexandra-udzenija,2021-08-17,4,0,139,0
andrej-babis,2021-08-17,2,0,1169,55
klara-dostalova,2021-08-17,5,0,151,0
milos-zeman,2021-08-17,1,0,158,0
petr-fiala,2021-08-17,2,0,815,115
tomio-okamura,2021-08-17,4,2,1679,963
alexandra-udzenija,2021-08-16,4,0,135,0
andrej-babis,2021-08-16,10,1,1167,55
klara-dostalova,2021-08-16,3,0,146,0
miroslav-kalousek,2021-08-16,1,0,375,0
tomio-okamura,2021-08-16,4,2,1675,961
zdenek-hrib,2021-08-16,4,0,148,0
andrej-babis,2021-08-15,1,0,1157,54
martin-kupka,2021-08-15,1,0,208,20
petr-fiala,2021-08-15,2,0,813,115
petr-gazdik,2021-08-15,1,0,19,0
radek-vondracek,2021-08-15,2,0,163,0
tomio-okamura,2021-08-15,11,0,1671,959
alena-schillerova,2021-08-14,5,0,616,20
andrej-babis,2021-08-14,4,0,1156,54
petr-fiala,2021-08-14,7,4,811,115
tomio-okamura,2021-08-14,3,0,1660,959
klara-dostalova,2021-08-13,11,0,143,0
petr-fiala,2021-08-13,4,0,804,111
tomio-okamura,2021-08-13,5,2,1657,959
alena-schillerova,2021-08-12,3,0,611,20
alexandra-udzenija,2021-08-12,2,0,131,0
martin-kupka,2021-08-12,1,0,207,20
miroslav-kalousek,2021-08-12,1,0,374,0
petr-fiala,2021-08-12,5,0,800,111
radek-vondracek,2021-08-12,1,0,161,0
tomio-okamura,2021-08-12,12,3,1652,957
alena-schillerova,2021-08-11,1,0,608,20
alexandra-udzenija,2021-08-11,3,0,129,0
martin-kupka,2021-08-11,3,3,206,20
miroslav-kalousek,2021-08-11,4,0,373,0
petr-fiala,2021-08-11,3,2,795,111
radek-vondracek,2021-08-11,1,0,160,0
tomio-okamura,2021-08-11,4,2,1640,954
zdenek-hrib,2021-08-11,2,0,144,0
alena-schillerova,2021-08-10,3,0,607,20
klara-dostalova,2021-08-10,3,0,132,0
martin-kupka,2021-08-10,1,1,203,17
milos-zeman,2021-08-10,1,0,157,0
petr-fiala,2021-08-10,1,0,792,109
radek-vondracek,2021-08-10,1,0,159,0
tomio-okamura,2021-08-10,5,3,1636,952
martin-kupka,2021-08-09,2,0,202,16
miroslav-kalousek,2021-08-09,1,0,369,0
tomio-okamura,2021-08-09,11,8,1631,949
alexandra-udzenija,2021-08-08,1,0,126,0
tomio-okamura,2021-08-08,5,2,1620,941
zdenek-hrib,2021-08-08,1,0,142,0
alena-schillerova,2021-08-07,5,0,604,20
andrej-babis,2021-08-07,3,0,1152,54
petr-fiala,2021-08-07,2,0,791,109
tomio-okamura,2021-08-07,4,0,1615,939
zdenek-hrib,2021-08-07,1,0,141,0
martin-kupka,2021-08-06,1,0,200,16
petr-fiala,2021-08-06,1,0,789,109
tomio-okamura,2021-08-06,6,6,1611,939
zdenek-hrib,2021-08-06,1,0,140,0
martin-kupka,2021-08-05,1,0,199,16
radek-vondracek,2021-08-05,2,0,158,0
zdenek-hrib,2021-08-05,1,0,139,0
alena-schillerova,2021-08-04,3,0,599,20
alexandra-udzenija,2021-08-04,2,0,125,0
miroslav-kalousek,2021-08-04,3,0,368,0
tomio-okamura,2021-08-04,3,3,1605,933
alena-schillerova,2021-08-03,2,0,596,20
jan-farsky,2021-08-03,1,0,135,2
martin-kupka,2021-08-03,1,0,198,16
milos-zeman,2021-08-03,1,0,156,0
tomio-okamura,2021-08-03,1,0,1602,930
zdenek-hrib,2021-08-03,1,0,138,0
alexandra-udzenija,2021-08-02,2,0,123,0
jan-farsky,2021-08-02,1,0,134,2
martin-kupka,2021-08-02,1,0,197,16
milos-zeman,2021-08-02,1,0,155,0
miroslav-kalousek,2021-08-02,2,0,365,0
petr-fiala,2021-08-02,1,0,788,109
petr-gazdik,2021-08-02,2,0,18,0
tomio-okamura,2021-08-02,8,8,1601,930
zdenek-hrib,2021-08-02,2,0,137,0
tomio-okamura,2021-08-01,11,9,1593,922
alena-schillerova,2021-07-31,1,0,594,20
petr-fiala,2021-07-31,2,0,787,109
tomio-okamura,2021-07-31,3,2,1582,913
alena-schillerova,2021-07-30,2,0,593,20
andrej-babis,2021-07-30,2,0,1149,54
martin-kupka,2021-07-30,2,0,196,16
petr-fiala,2021-07-30,1,0,785,109
andrej-babis,2021-07-29,2,0,1147,54
petr-fiala,2021-07-29,1,0,784,109
alena-schillerova,2021-07-28,6,0,591,20
andrej-babis,2021-07-27,7,0,1145,54
petr-fiala,2021-07-27,1,0,783,109
tomio-okamura,2021-07-27,2,0,1579,911
alena-schillerova,2021-07-26,2,0,585,20
andrej-babis,2021-07-26,3,0,1138,54
martin-kupka,2021-07-26,1,0,194,16
miroslav-kalousek,2021-07-26,1,0,363,0
petr-fiala,2021-07-26,1,0,782,109
tomio-okamura,2021-07-26,4,4,1577,911
alena-schillerova,2021-07-25,1,0,583,20
andrej-babis,2021-07-25,4,0,1135,54
martin-kupka,2021-07-25,1,0,193,16
petr-fiala,2021-07-25,1,0,781,109
tomio-okamura,2021-07-25,2,2,1573,907
zdenek-hrib,2021-07-25,1,0,135,0
alena-schillerova,2021-07-24,3,0,582,20
andrej-babis,2021-07-24,1,0,1131,54
martin-kupka,2021-07-24,1,0,192,16
petr-fiala,2021-07-24,4,4,780,109
alena-schillerova,2021-07-23,8,1,579,20
miroslav-kalousek,2021-07-23,2,0,362,0
petr-fiala,2021-07-23,4,2,776,105
andrej-babis,2021-07-22,5,0,1130,54
martin-kupka,2021-07-22,1,0,191,16
petr-fiala,2021-07-22,6,2,772,103
tomio-okamura,2021-07-22,3,2,1571,905
alena-schillerova,2021-07-21,3,0,571,19
andrej-babis,2021-07-21,9,0,1125,54
martin-kupka,2021-07-21,1,0,190,16
miroslav-kalousek,2021-07-21,1,0,360,0
petr-fiala,2021-07-21,7,2,766,101
tomio-okamura,2021-07-21,3,2,1568,903
zdenek-hrib,2021-07-21,1,0,134,0
alena-schillerova,2021-07-20,1,0,568,19
andrej-babis,2021-07-20,3,0,1116,54
martin-kupka,2021-07-20,1,0,189,16
miroslav-kalousek,2021-07-20,1,0,359,0
petr-fiala,2021-07-20,1,0,759,99
tomio-okamura,2021-07-20,2,1,1565,901
zdenek-hrib,2021-07-20,1,0,133,0
andrej-babis,2021-07-19,3,0,1113,54
klara-dostalova,2021-07-19,2,0,129,0
martin-kupka,2021-07-19,1,0,188,16
miroslav-kalousek,2021-07-19,1,0,358,0
petr-fiala,2021-07-19,1,0,758,99
tomio-okamura,2021-07-19,1,1,1563,900
alena-schillerova,2021-07-18,7,0,567,19
martin-kupka,2021-07-18,2,0,187,16
andrej-babis,2021-07-17,5,0,1110,54
klara-dostalova,2021-07-17,2,0,127,0
petr-fiala,2021-07-17,2,0,757,99
zdenek-hrib,2021-07-17,1,0,132,0
alena-schillerova,2021-07-16,1,0,560,19
andrej-babis,2021-07-16,4,0,1105,54
martin-kupka,2021-07-16,1,0,185,16
miroslav-kalousek,2021-07-16,2,0,357,0
petr-fiala,2021-07-16,10,2,755,99
radek-vondracek,2021-07-16,1,0,156,0
tomio-okamura,2021-07-16,1,1,1562,899
zdenek-hrib,2021-07-16,1,0,131,0
alena-schillerova,2021-07-15,1,0,559,19
andrej-babis,2021-07-15,5,1,1101,54
jan-farsky,2021-07-15,1,0,133,2
martin-kupka,2021-07-15,2,1,184,16
petr-fiala,2021-07-15,2,0,745,97
radek-vondracek,2021-07-15,1,0,155,0
zdenek-hrib,2021-07-15,1,0,130,0
andrej-babis,2021-07-14,3,0,1096,53
jan-farsky,2021-07-14,1,0,132,2
martin-kupka,2021-07-14,1,0,182,15
milos-zeman,2021-07-14,1,0,154,0
miroslav-kalousek,2021-07-14,1,0,355,0
tomio-okamura,2021-07-14,4,1,1561,898
alena-schillerova,2021-07-13,3,0,558,19
jan-farsky,2021-07-13,2,0,131,2
klara-dostalova,2021-07-13,2,0,125,0
martin-kupka,2021-07-13,2,0,181,15
miroslav-kalousek,2021-07-13,1,0,354,0
petr-fiala,2021-07-13,1,0,743,97
alena-schillerova,2021-07-12,2,0,555,19
andrej-babis,2021-07-12,6,0,1093,53
jan-farsky,2021-07-12,1,0,129,2
klara-dostalova,2021-07-12,1,0,123,0
martin-kupka,2021-07-12,1,0,179,15
milos-zeman,2021-07-12,2,0,153,0
miroslav-kalousek,2021-07-12,1,0,353,0
petr-fiala,2021-07-12,5,2,742,97
radek-vondracek,2021-07-12,1,0,154,0
zdenek-hrib,2021-07-12,1,0,129,0
andrej-babis,2021-07-11,2,0,1087,53
martin-kupka,2021-07-11,2,2,178,15
petr-fiala,2021-07-11,1,0,737,95
tomio-okamura,2021-07-11,3,3,1557,897
alexandra-udzenija,2021-07-10,1,0,121,0
andrej-babis,2021-07-10,2,0,1085,53
martin-kupka,2021-07-10,1,0,176,13
petr-fiala,2021-07-10,2,0,736,95
tomio-okamura,2021-07-10,1,1,1554,894
alena-schillerova,2021-07-09,3,1,553,19
andrej-babis,2021-07-09,8,0,1083,53
martin-kupka,2021-07-09,1,1,175,13
miroslav-kalousek,2021-07-09,1,0,352,0
petr-fiala,2021-07-09,2,0,734,95
radek-vondracek,2021-07-09,1,0,153,0
tomio-okamura,2021-07-09,1,0,1553,893
alena-schillerova,2021-07-08,1,0,550,18
andrej-babis,2021-07-08,2,0,1075,53
jan-farsky,2021-07-08,1,0,128,2
klara-dostalova,2021-07-08,1,0,122,0
martin-kupka,2021-07-08,1,0,174,12
petr-fiala,2021-07-08,2,0,732,95
radek-vondracek,2021-07-08,1,0,152,0
tomio-okamura,2021-07-08,4,2,1552,893
zdenek-hrib,2021-07-08,1,0,128,0
alena-schillerova,2021-07-07,2,0,549,18
jan-farsky,2021-07-07,1,0,127,2
martin-kupka,2021-07-07,1,0,173,12
milos-zeman,2021-07-07,1,0,151,0
miroslav-kalousek,2021-07-07,2,0,351,0
petr-fiala,2021-07-07,1,0,730,95
tomio-okamura,2021-07-07,1,0,1548,891
zdenek-hrib,2021-07-07,1,0,127,0
jan-farsky,2021-07-06,1,0,126,2
klara-dostalova,2021-07-06,2,0,121,0
martin-kupka,2021-07-06,2,0,172,12
miroslav-kalousek,2021-07-06,1,0,349,0
petr-fiala,2021-07-06,2,0,729,95
zdenek-hrib,2021-07-06,1,0,126,0
andrej-babis,2021-07-05,2,0,1073,53
jan-farsky,2021-07-05,1,0,125,2
klara-dostalova,2021-07-05,2,0,119,0
martin-kupka,2021-07-05,1,0,170,12
miroslav-kalousek,2021-07-05,1,0,348,0
petr-fiala,2021-07-05,1,0,727,95
alena-schillerova,2021-07-04,5,0,547,18
martin-kupka,2021-07-04,1,0,169,12
tomio-okamura,2021-07-04,3,3,1547,891
zdenek-hrib,2021-07-04,1,0,125,0
alena-schillerova,2021-07-03,1,0,542,18
andrej-babis,2021-07-03,1,0,1071,53
martin-kupka,2021-07-03,1,0,168,12
miroslav-kalousek,2021-07-03,1,0,347,0
petr-fiala,2021-07-03,3,2,726,95
zdenek-hrib,2021-07-03,1,0,124,0
alena-schillerova,2021-07-02,1,0,541,18
alexandra-udzenija,2021-07-02,1,0,120,0
andrej-babis,2021-07-02,1,0,1070,53
jan-farsky,2021-07-02,1,0,124,2
klara-dostalova,2021-07-02,1,0,117,0
martin-kupka,2021-07-02,1,0,167,12
petr-fiala,2021-07-02,2,2,723,93
radek-vondracek,2021-07-02,2,0,151,0
tomio-okamura,2021-07-02,1,0,1544,888
alena-schillerova,2021-07-01,5,0,540,18
alexandra-udzenija,2021-07-01,1,0,119,0
andrej-babis,2021-07-01,2,0,1069,53
jan-farsky,2021-07-01,1,0,123,2
klara-dostalova,2021-07-01,2,0,116,0
martin-kupka,2021-07-01,1,0,166,12
miroslav-kalousek,2021-07-01,2,0,346,0
petr-fiala,2021-07-01,3,0,721,91
radek-vondracek,2021-07-01,1,0,149,0
tomio-okamura,2021-07-01,3,1,1543,888
alena-schillerova,2021-06-30,2,0,535,18
andrej-babis,2021-06-30,5,0,1067,53
martin-kupka,2021-06-30,2,0,165,12
milos-zeman,2021-06-30,2,0,150,0
miroslav-kalousek,2021-06-30,3,0,344,0
petr-fiala,2021-06-30,6,0,718,91
radek-vondracek,2021-06-30,1,0,148,0
tomio-okamura,2021-06-30,3,1,1540,887
zdenek-hrib,2021-06-30,1,0,123,0
alena-schillerova,2021-06-29,1,0,533,18
alexandra-udzenija,2021-06-29,1,0,118,0
andrej-babis,2021-06-29,10,0,1062,53
klara-dostalova,2021-06-29,1,0,114,0
petr-fiala,2021-06-29,2,2,712,91
tomio-okamura,2021-06-29,2,1,1537,886
alena-schillerova,2021-06-28,1,0,532,18
alexandra-udzenija,2021-06-28,1,0,117,0
andrej-babis,2021-06-28,2,0,1052,53
klara-dostalova,2021-06-28,1,0,113,0
martin-kupka,2021-06-28,2,1,163,12
milos-zeman,2021-06-28,1,0,148,0
miroslav-kalousek,2021-06-28,2,0,341,0
petr-fiala,2021-06-28,1,0,710,89
radek-vondracek,2021-06-28,1,0,147,0
tomio-okamura,2021-06-28,4,0,1535,885
zdenek-hrib,2021-06-28,1,0,122,0
alena-schillerova,2021-06-27,1,0,531,18
alexandra-udzenija,2021-06-27,1,0,116,0
andrej-babis,2021-06-27,3,0,1050,53
jan-farsky,2021-06-27,1,0,122,2
martin-kupka,2021-06-27,1,0,161,11
milos-zeman,2021-06-27,3,0,147,0
petr-fiala,2021-06-27,1,0,709,89
radek-vondracek,2021-06-27,1,0,146,0
tomio-okamura,2021-06-27,3,1,1531,885
zdenek-hrib,2021-06-27,1,0,121,0
andrej-babis,2021-06-26,2,0,1047,53
martin-kupka,2021-06-26,1,0,160,11
milos-zeman,2021-06-26,4,0,144,0
petr-fiala,2021-06-26,2,0,708,89
tomio-okamura,2021-06-26,3,1,1528,884
alena-schillerova,2021-06-25,3,0,530,18
andrej-babis,2021-06-25,1,0,1045,53
jan-farsky,2021-06-25,2,0,121,2
martin-kupka,2021-06-25,2,0,159,11
milos-zeman,2021-06-25,1,0,140,0
miroslav-kalousek,2021-06-25,2,0,339,0
petr-fiala,2021-06-25,1,0,706,89
radek-vondracek,2021-06-25,1,0,145,0
tomio-okamura,2021-06-25,7,4,1525,883
zdenek-hrib,2021-06-25,1,0,120,0
alena-schillerova,2021-06-24,2,0,527,18
alexandra-udzenija,2021-06-24,1,0,115,0
andrej-babis,2021-06-24,8,0,1044,53
jan-farsky,2021-06-24,1,0,119,2
klara-dostalova,2021-06-24,3,0,112,0
martin-kupka,2021-06-24,2,0,157,11
milos-zeman,2021-06-24,1,0,139,0
miroslav-kalousek,2021-06-24,1,0,337,0
petr-fiala,2021-06-24,4,2,705,89
radek-vondracek,2021-06-24,1,0,144,0
tomio-okamura,2021-06-24,11,8,1518,879
zdenek-hrib,2021-06-24,3,0,119,0
alena-schillerova,2021-06-23,5,0,525,18
andrej-babis,2021-06-23,11,0,1036,53
jan-farsky,2021-06-23,2,0,118,2
martin-kupka,2021-06-23,1,1,155,11
milos-zeman,2021-06-23,1,0,138,0
petr-fiala,2021-06-23,4,0,701,87
tomio-okamura,2021-06-23,10,7,1507,871
alena-schillerova,2021-06-22,4,0,520,18
andrej-babis,2021-06-22,9,0,1025,53
klara-dostalova,2021-06-22,1,0,109,0
milos-zeman,2021-06-22,1,0,137,0
miroslav-kalousek,2021-06-22,1,0,336,0
petr-fiala,2021-06-22,1,0,697,87
radek-vondracek,2021-06-22,1,0,143,0
tomio-okamura,2021-06-22,7,4,1497,864
alena-schillerova,2021-06-21,2,0,516,18
andrej-babis,2021-06-21,1,0,1016,53
martin-kupka,2021-06-21,1,0,154,10
petr-fiala,2021-06-21,3,2,696,87
tomio-okamura,2021-06-21,1,0,1490,860
alena-schillerova,2021-06-20,4,0,514,18
andrej-babis,2021-06-20,2,0,1015,53
jan-farsky,2021-06-20,1,0,116,2
martin-kupka,2021-06-20,1,0,153,10
petr-fiala,2021-06-20,1,0,693,85
zdenek-hrib,2021-06-20,1,0,116,0
alena-schillerova,2021-06-19,1,0,510,18
alexandra-udzenija,2021-06-19,1,0,114,0
andrej-babis,2021-06-19,1,0,1013,53
martin-kupka,2021-06-19,1,1,152,10
petr-fiala,2021-06-19,7,2,692,85
radek-vondracek,2021-06-19,1,0,142,0
tomio-okamura,2021-06-19,2,2,1489,860
zdenek-hrib,2021-06-19,1,0,115,0
alena-schillerova,2021-06-18,3,1,509,18
alexandra-udzenija,2021-06-18,1,0,113,0
andrej-babis,2021-06-18,1,0,1012,53
klara-dostalova,2021-06-18,1,0,108,0
martin-kupka,2021-06-18,1,0,151,9
milos-zeman,2021-06-18,1,0,136,0
miroslav-kalousek,2021-06-18,1,0,335,0
petr-fiala,2021-06-18,2,0,685,83
radek-vondracek,2021-06-18,1,0,141,0
zdenek-hrib,2021-06-18,2,0,114,0
alena-schillerova,2021-06-17,3,0,506,17
andrej-babis,2021-06-17,1,0,1011,53
jan-farsky,2021-06-17,1,0,115,2
klara-dostalova,2021-06-17,1,0,107,0
martin-kupka,2021-06-17,1,1,150,9
petr-fiala,2021-06-17,9,2,683,83
petr-gazdik,2021-06-17,1,0,16,0
radek-vondracek,2021-06-17,2,0,140,0
vladimir-kremlik,2021-06-17,1,0,113,0
zdenek-hrib,2021-06-17,1,0,112,0
alena-schillerova,2021-06-16,4,0,503,17
alexandra-udzenija,2021-06-16,1,0,112,0
andrej-babis,2021-06-16,4,0,1010,53
jan-farsky,2021-06-16,1,0,114,2
martin-kupka,2021-06-16,1,0,149,8
miroslav-kalousek,2021-06-16,2,0,334,0
petr-fiala,2021-06-16,2,0,674,81
radek-vondracek,2021-06-16,1,0,138,0
vladimir-kremlik,2021-06-16,3,0,112,0
zdenek-hrib,2021-06-16,1,0,111,0
alena-schillerova,2021-06-15,1,0,499,17
alexandra-udzenija,2021-06-15,1,0,111,0
andrej-babis,2021-06-15,1,0,1006,53
klara-dostalova,2021-06-15,1,0,106,0
martin-kupka,2021-06-15,1,0,148,8
miroslav-kalousek,2021-06-15,1,0,332,0
petr-fiala,2021-06-15,3,0,672,81
tomio-okamura,2021-06-15,2,2,1487,858
vladimir-kremlik,2021-06-15,1,0,109,0
zdenek-hrib,2021-06-15,1,0,110,0
alena-schillerova,2021-06-14,4,0,498,17
andrej-babis,2021-06-14,2,0,1005,53
martin-kupka,2021-06-14,1,0,147,8
milos-zeman,2021-06-14,1,0,135,0
miroslav-kalousek,2021-06-14,2,0,331,0
petr-fiala,2021-06-14,9,4,669,81
radek-vondracek,2021-06-14,1,0,137,0
tomio-okamura,2021-06-14,1,0,1485,856
alexandra-udzenija,2021-06-13,1,0,110,0
andrej-babis,2021-06-13,4,0,1003,53
martin-kupka,2021-06-13,2,1,146,8
miroslav-kalousek,2021-06-13,1,0,329,0
petr-fiala,2021-06-13,1,0,660,77
vladimir-kremlik,2021-06-13,1,0,108,0
zdenek-hrib,2021-06-13,1,0,109,0
alena-schillerova,2021-06-12,3,0,494,17
andrej-babis,2021-06-12,9,0,999,53
jan-farsky,2021-06-12,2,0,113,2
martin-kupka,2021-06-12,1,0,144,7
petr-fiala,2021-06-12,6,2,659,77
radek-vondracek,2021-06-12,1,0,136,0
tomio-okamura,2021-06-12,4,2,1484,856
alena-schillerova,2021-06-11,4,0,491,17
alexandra-udzenija,2021-06-11,1,0,109,0
andrej-babis,2021-06-11,3,0,990,53
jan-farsky,2021-06-11,2,0,111,2
klara-dostalova,2021-06-11,2,0,105,0
martin-kupka,2021-06-11,1,1,143,7
miroslav-kalousek,2021-06-11,1,0,328,0
petr-fiala,2021-06-11,6,2,653,75
radek-vondracek,2021-06-11,1,0,135,0
tomio-okamura,2021-06-11,2,1,1480,854
alena-schillerova,2021-06-10,2,0,487,17
alexandra-udzenija,2021-06-10,1,0,108,0
andrej-babis,2021-06-10,19,0,987,53
jan-farsky,2021-06-10,1,0,109,2
klara-dostalova,2021-06-10,5,0,103,0
martin-kupka,2021-06-10,1,0,142,6
milos-zeman,2021-06-10,2,0,134,0
miroslav-kalousek,2021-06-10,1,0,327,0
petr-fiala,2021-06-10,7,2,647,73
tomio-okamura,2021-06-10,7,2,1478,853
zdenek-hrib,2021-06-10,1,0,108,0
alena-schillerova,2021-06-09,3,0,485,17
andrej-babis,2021-06-09,2,0,968,53
jan-farsky,2021-06-09,1,0,108,2
klara-dostalova,2021-06-09,2,0,98,0
martin-kupka,2021-06-09,2,0,141,6
milos-zeman,2021-06-09,1,0,132,0
miroslav-kalousek,2021-06-09,1,0,326,0
radek-vondracek,2021-06-09,1,0,134,0
tomio-okamura,2021-06-09,6,2,1471,851
zdenek-hrib,2021-06-09,1,0,107,0
alena-schillerova,2021-06-08,1,0,482,17
andrej-babis,2021-06-08,5,0,966,53
jan-farsky,2021-06-08,1,0,107,2
klara-dostalova,2021-06-08,4,0,96,0
martin-kupka,2021-06-08,1,0,139,6
milos-zeman,2021-06-08,1,0,131,0
petr-fiala,2021-06-08,3,0,640,71
tomio-okamura,2021-06-08,8,7,1465,849
zdenek-hrib,2021-06-08,1,0,106,0
alena-schillerova,2021-06-07,2,0,481,17
alexandra-udzenija,2021-06-07,1,0,107,0
andrej-babis,2021-06-07,6,0,961,53
jan-farsky,2021-06-07,1,0,106,2
martin-kupka,2021-06-07,1,0,138,6
petr-fiala,2021-06-07,3,0,637,71
tomio-okamura,2021-06-07,8,4,1457,842
zdenek-hrib,2021-06-07,1,0,105,0
alexandra-udzenija,2021-06-06,1,0,106,0
andrej-babis,2021-06-06,3,0,955,53
martin-kupka,2021-06-06,1,0,137,6
petr-fiala,2021-06-06,1,0,634,71
radek-vondracek,2021-06-06,1,0,133,0
tomio-okamura,2021-06-06,10,9,1449,838
vladimir-kremlik,2021-06-06,1,0,107,0
zdenek-hrib,2021-06-06,1,0,104,0
alexandra-udzenija,2021-06-05,1,0,105,0
andrej-babis,2021-06-05,2,0,952,53
martin-kupka,2021-06-05,1,1,136,6
petr-fiala,2021-06-05,2,0,633,71
radek-vondracek,2021-06-05,1,0,132,0
tomio-okamura,2021-06-05,6,5,1439,829
alena-schillerova,2021-06-04,2,0,479,17
andrej-babis,2021-06-04,5,0,950,53
klara-dostalova,2021-06-04,1,0,92,0
martin-kupka,2021-06-04,1,0,135,5
miroslav-kalousek,2021-06-04,2,0,325,0
petr-fiala,2021-06-04,9,2,631,71
radek-vondracek,2021-06-04,1,0,131,0
tomio-okamura,2021-06-04,5,1,1433,824
zdenek-hrib,2021-06-04,1,0,103,0
alena-schillerova,2021-06-03,4,0,477,17
andrej-babis,2021-06-03,8,1,945,53
jan-farsky,2021-06-03,1,0,105,2
klara-dostalova,2021-06-03,1,0,91,0
martin-kupka,2021-06-03,2,1,134,5
milos-zeman,2021-06-03,2,0,130,0
miroslav-kalousek,2021-06-03,2,0,323,0
petr-fiala,2021-06-03,7,0,622,69
radek-vondracek,2021-06-03,1,0,130,0
tomio-okamura,2021-06-03,7,3,1428,823
vladimir-kremlik,2021-06-03,1,0,106,0
zdenek-hrib,2021-06-03,2,0,102,0
alena-schillerova,2021-06-02,1,0,473,17
andrej-babis,2021-06-02,6,0,937,52
klara-dostalova,2021-06-02,1,0,90,0
martin-kupka,2021-06-02,2,1,132,4
miroslav-kalousek,2021-06-02,3,0,321,0
petr-fiala,2021-06-02,10,0,615,69
radek-vondracek,2021-06-02,2,0,129,0
tomio-okamura,2021-06-02,8,5,1421,820
alena-schillerova,2021-06-01,3,1,472,17
alexandra-udzenija,2021-06-01,1,0,104,0
andrej-babis,2021-06-01,16,0,931,52
jan-farsky,2021-06-01,1,0,104,2
klara-dostalova,2021-06-01,1,0,89,0
martin-kupka,2021-06-01,1,0,130,3
milos-zeman,2021-06-01,1,0,128,0
radek-vondracek,2021-06-01,1,0,127,0
tomio-okamura,2021-06-01,7,3,1413,815
zdenek-hrib,2021-06-01,1,0,100,0
alena-schillerova,2021-05-31,2,0,469,16
andrej-babis,2021-05-31,1,0,915,52
klara-dostalova,2021-05-31,1,0,88,0
martin-kupka,2021-05-31,1,0,129,3
milos-zeman,2021-05-31,1,0,127,0
miroslav-kalousek,2021-05-31,2,0,318,0
petr-fiala,2021-05-31,7,2,605,69
radek-vondracek,2021-05-31,1,0,126,0
tomio-okamura,2021-05-31,5,1,1406,812
alena-schillerova,2021-05-30,2,1,467,16
andrej-babis,2021-05-30,13,0,914,52
petr-fiala,2021-05-30,1,0,598,67
tomio-okamura,2021-05-30,4,2,1401,811
vladimir-kremlik,2021-05-30,1,0,105,0
alena-schillerova,2021-05-29,11,0,465,15
andrej-babis,2021-05-29,16,0,901,52
miroslav-kalousek,2021-05-29,2,0,316,0
petr-fiala,2021-05-29,2,0,597,67
tomio-okamura,2021-05-29,5,2,1397,809
vladimir-kremlik,2021-05-29,1,0,104,0
alena-schillerova,2021-05-28,7,0,454,15
alexandra-udzenija,2021-05-28,1,0,103,0
andrej-babis,2021-05-28,10,0,885,52
martin-kupka,2021-05-28,1,0,128,3
petr-fiala,2021-05-28,4,2,595,67
radek-vondracek,2021-05-28,2,0,125,0
tomio-okamura,2021-05-28,11,8,1392,807
vladimir-kremlik,2021-05-28,1,0,103,0
alexandra-udzenija,2021-05-27,1,0,102,0
andrej-babis,2021-05-27,1,0,875,52
jan-farsky,2021-05-27,1,0,103,2
klara-dostalova,2021-05-27,1,0,87,0
martin-kupka,2021-05-27,1,1,127,3
milos-zeman,2021-05-27,1,0,126,0
miroslav-kalousek,2021-05-27,1,0,314,0
petr-fiala,2021-05-27,5,0,591,65
petr-gazdik,2021-05-27,1,0,15,0
radek-vondracek,2021-05-27,2,0,123,0
tomio-okamura,2021-05-27,9,5,1381,799
zdenek-hrib,2021-05-27,1,0,99,0
alena-schillerova,2021-05-26,2,0,447,15
andrej-babis,2021-05-26,5,0,874,52
klara-dostalova,2021-05-26,3,0,86,0
martin-kupka,2021-05-26,1,0,126,2
milos-zeman,2021-05-26,3,0,125,0
miroslav-kalousek,2021-05-26,2,0,313,0
petr-fiala,2021-05-26,3,0,586,65
tomio-okamura,2021-05-26,7,2,1372,794
zdenek-hrib,2021-05-26,1,0,98,0
alena-schillerova,2021-05-25,3,0,445,15
alexandra-udzenija,2021-05-25,1,0,101,0
andrej-babis,2021-05-25,6,0,869,52
jan-farsky,2021-05-25,2,0,102,2
klara-dostalova,2021-05-25,1,0,83,0
martin-kupka,2021-05-25,2,2,125,2
miroslav-kalousek,2021-05-25,2,0,311,0
petr-gazdik,2021-05-25,1,0,14,0
radek-vondracek,2021-05-25,1,0,121,0
tomio-okamura,2021-05-25,8,6,1365,792
zdenek-hrib,2021-05-25,1,0,97,0
alena-schillerova,2021-05-24,3,0,442,15
andrej-babis,2021-05-24,13,0,863,52
jan-farsky,2021-05-24,1,0,100,2
klara-dostalova,2021-05-24,1,0,82,0
miroslav-kalousek,2021-05-24,1,0,309,0
tomio-okamura,2021-05-24,7,1,1357,786
alena-schillerova,2021-05-23,2,0,439,15
alexandra-udzenija,2021-05-23,1,0,100,0
andrej-babis,2021-05-23,3,0,850,52
martin-kupka,2021-05-23,1,0,123,0
miroslav-kalousek,2021-05-23,1,0,308,0
petr-fiala,2021-05-23,1,0,583,65
tomio-okamura,2021-05-23,7,7,1350,785
vladimir-kremlik,2021-05-23,1,0,102,0
alena-schillerova,2021-05-22,1,1,437,15
martin-kupka,2021-05-22,1,0,122,0
miroslav-kalousek,2021-05-22,1,0,307,0
petr-fiala,2021-05-22,4,2,582,65
tomio-okamura,2021-05-22,13,10,1343,778
zdenek-hrib,2021-05-22,1,0,96,0
alena-schillerova,2021-05-21,5,0,436,14
alexandra-udzenija,2021-05-21,1,0,99,0
andrej-babis,2021-05-21,6,0,847,52
martin-kupka,2021-05-21,2,0,121,0
miroslav-kalousek,2021-05-21,2,0,306,0
petr-fiala,2021-05-21,4,2,578,63
petr-gazdik,2021-05-21,1,0,13,0
radek-vondracek,2021-05-21,1,0,120,0
tomio-okamura,2021-05-21,8,6,1330,768
zdenek-hrib,2021-05-21,1,0,95,0
alena-schillerova,2021-05-20,11,0,431,14
andrej-babis,2021-05-20,14,0,841,52
martin-kupka,2021-05-20,1,0,119,0
miroslav-kalousek,2021-05-20,1,0,304,0
petr-fiala,2021-05-20,5,2,574,61
radek-vondracek,2021-05-20,3,0,119,0
tomio-okamura,2021-05-20,6,2,1322,762
vladimir-kremlik,2021-05-20,2,0,101,0
alena-schillerova,2021-05-19,1,0,420,14
alexandra-udzenija,2021-05-19,1,0,98,0
andrej-babis,2021-05-19,8,0,827,52
jan-farsky,2021-05-19,1,0,99,2
klara-dostalova,2021-05-19,1,0,81,0
martin-kupka,2021-05-19,2,0,118,0
milos-zeman,2021-05-19,2,0,122,0
petr-fiala,2021-05-19,5,2,569,59
tomio-okamura,2021-05-19,9,6,1316,760
zdenek-hrib,2021-05-19,1,0,94,0
alena-schillerova,2021-05-18,3,0,419,14
alexandra-udzenija,2021-05-18,1,0,97,0
andrej-babis,2021-05-18,7,0,819,52
klara-dostalova,2021-05-18,2,0,80,0
martin-kupka,2021-05-18,2,0,116,0
milos-zeman,2021-05-18,4,0,120,0
miroslav-kalousek,2021-05-18,3,0,303,0
petr-fiala,2021-05-18,2,0,564,57
radek-vondracek,2021-05-18,2,0,116,0
tomio-okamura,2021-05-18,6,0,1307,754
vladimir-kremlik,2021-05-18,1,0,99,0
zdenek-hrib,2021-05-18,2,0,93,0
alena-schillerova,2021-05-17,1,0,416,14
alexandra-udzenija,2021-05-17,1,0,96,0
andrej-babis,2021-05-17,1,0,812,52
martin-kupka,2021-05-17,1,0,114,0
milos-zeman,2021-05-17,1,0,116,0
petr-fiala,2021-05-17,4,0,562,57
radek-vondracek,2021-05-17,1,0,114,0
tomio-okamura,2021-05-17,9,6,1301,754
alena-schillerova,2021-05-16,1,0,415,14
andrej-babis,2021-05-16,4,0,811,52
milos-zeman,2021-05-16,2,0,115,0
petr-fiala,2021-05-16,2,0,558,57
tomio-okamura,2021-05-16,4,1,1292,748
alena-schillerova,2021-05-15,1,0,414,14
martin-kupka,2021-05-15,1,0,113,0
petr-fiala,2021-05-15,1,0,556,57
tomio-okamura,2021-05-15,8,4,1288,747
vladimir-kremlik,2021-05-15,1,0,98,0
alena-schillerova,2021-05-14,5,1,413,14
alexandra-udzenija,2021-05-14,1,0,95,0
andrej-babis,2021-05-14,5,0,807,52
jan-farsky,2021-05-14,1,0,98,2
klara-dostalova,2021-05-14,1,0,78,0
martin-kupka,2021-05-14,1,0,112,0
milos-zeman,2021-05-14,1,0,113,0
petr-fiala,2021-05-14,3,0,555,57
radek-vondracek,2021-05-14,1,0,113,0
tomio-okamura,2021-05-14,5,1,1280,743
zdenek-hrib,2021-05-14,1,0,91,0
alena-schillerova,2021-05-13,2,0,408,13
andrej-babis,2021-05-13,2,0,802,52
jan-farsky,2021-05-13,1,0,97,2
milos-zeman,2021-05-13,1,0,112,0
miroslav-kalousek,2021-05-13,2,0,300,0
petr-fiala,2021-05-13,3,0,552,57
radek-vondracek,2021-05-13,2,0,112,0
tomio-okamura,2021-05-13,6,3,1275,742
zdenek-hrib,2021-05-13,1,0,90,0
alena-schillerova,2021-05-12,5,0,406,13
alexandra-udzenija,2021-05-12,1,0,94,0
andrej-babis,2021-05-12,7,0,800,52
jan-farsky,2021-05-12,3,0,96,2
klara-dostalova,2021-05-12,2,0,77,0
martin-kupka,2021-05-12,1,0,111,0
milos-zeman,2021-05-12,3,0,111,0
miroslav-kalousek,2021-05-12,2,0,298,0
petr-fiala,2021-05-12,8,2,549,57
radek-vondracek,2021-05-12,2,0,110,0
tomio-okamura,2021-05-12,8,5,1269,739
vladimir-kremlik,2021-05-12,1,0,97,0
zdenek-hrib,2021-05-12,2,0,89,0
alena-schillerova,2021-05-11,1,0,401,13
alexandra-udzenija,2021-05-11,3,0,93,0
andrej-babis,2021-05-11,3,3,793,52
klara-dostalova,2021-05-11,1,0,75,0
martin-kupka,2021-05-11,1,0,110,0
milos-zeman,2021-05-11,3,0,108,0
miroslav-kalousek,2021-05-11,1,0,296,0
petr-fiala,2021-05-11,3,0,541,55
radek-vondracek,2021-05-11,2,0,108,0
tomio-okamura,2021-05-11,6,2,1261,734
alena-schillerova,2021-05-10,1,0,400,13
andrej-babis,2021-05-10,1,0,790,49
martin-kupka,2021-05-10,1,0,109,0
milos-zeman,2021-05-10,4,0,105,0
miroslav-kalousek,2021-05-10,1,0,295,0
petr-fiala,2021-05-10,3,2,538,55
radek-vondracek,2021-05-10,2,0,106,0
tomio-okamura,2021-05-10,9,4,1255,732
zdenek-hrib,2021-05-10,1,0,87,0
alena-schillerova,2021-05-09,2,0,399,13
alexandra-udzenija,2021-05-09,1,0,90,0
andrej-babis,2021-05-09,9,2,789,49
milos-zeman,2021-05-09,1,0,101,0
miroslav-kalousek,2021-05-09,1,0,294,0
petr-fiala,2021-05-09,1,0,535,53
radek-vondracek,2021-05-09,2,0,104,0
tomio-okamura,2021-05-09,7,4,1246,728
alena-schillerova,2021-05-08,1,0,397,13
alexandra-udzenija,2021-05-08,1,0,89,0
andrej-babis,2021-05-08,12,0,780,47
martin-kupka,2021-05-08,1,0,108,0
milos-zeman,2021-05-08,2,0,100,0
petr-fiala,2021-05-08,3,0,534,53
radek-vondracek,2021-05-08,2,0,102,0
tomio-okamura,2021-05-08,7,5,1239,724
zdenek-hrib,2021-05-08,1,0,86,0
alena-schillerova,2021-05-07,2,0,396,13
alexandra-udzenija,2021-05-07,1,0,88,0
andrej-babis,2021-05-07,16,0,768,47
klara-dostalova,2021-05-07,1,0,74,0
petr-fiala,2021-05-07,4,2,531,53
radek-vondracek,2021-05-07,1,0,100,0
tomio-okamura,2021-05-07,9,3,1232,719
alena-schillerova,2021-05-06,3,0,394,13
alexandra-udzenija,2021-05-06,1,0,87,0
andrej-babis,2021-05-06,2,0,752,47
klara-dostalova,2021-05-06,1,0,73,0
martin-kupka,2021-05-06,3,0,107,0
petr-fiala,2021-05-06,3,2,527,51
radek-vondracek,2021-05-06,2,0,99,0
tomio-okamura,2021-05-06,10,6,1223,716
alena-schillerova,2021-05-05,3,0,391,13
alexandra-udzenija,2021-05-05,1,0,86,0
klara-dostalova,2021-05-05,3,0,72,0
milos-zeman,2021-05-05,2,0,98,0
miroslav-kalousek,2021-05-05,3,0,293,0
petr-fiala,2021-05-05,4,0,524,49
radek-vondracek,2021-05-05,2,0,97,0
tomio-okamura,2021-05-05,7,5,1213,710
vladimir-kremlik,2021-05-05,1,0,96,0
zdenek-hrib,2021-05-05,1,0,85,0
alena-schillerova,2021-05-04,2,0,388,13
alexandra-udzenija,2021-05-04,1,0,85,0
andrej-babis,2021-05-04,4,0,750,47
klara-dostalova,2021-05-04,1,0,69,0
milos-zeman,2021-05-04,1,0,96,0
miroslav-kalousek,2021-05-04,1,0,290,0
petr-fiala,2021-05-04,4,0,520,49
radek-vondracek,2021-05-04,1,0,95,0
tomio-okamura,2021-05-04,5,1,1206,705
zdenek-hrib,2021-05-04,2,0,84,0
alena-schillerova,2021-05-03,3,0,386,13
andrej-babis,2021-05-03,4,0,746,47
jan-farsky,2021-05-03,1,0,93,2
klara-dostalova,2021-05-03,1,0,68,0
martin-kupka,2021-05-03,1,0,104,0
miroslav-kalousek,2021-05-03,2,0,289,0
petr-fiala,2021-05-03,3,0,516,49
tomio-okamura,2021-05-03,8,6,1201,704
vladimir-kremlik,2021-05-03,1,0,95,0
alena-schillerova,2021-05-02,1,0,383,13
andrej-babis,2021-05-02,5,2,742,47
klara-dostalova,2021-05-02,1,0,67,0
martin-kupka,2021-05-02,1,0,103,0
petr-fiala,2021-05-02,1,0,513,49
tomio-okamura,2021-05-02,7,6,1193,698
alena-schillerova,2021-05-01,3,0,382,13
alexandra-udzenija,2021-05-01,1,0,84,0
andrej-babis,2021-05-01,1,0,737,45
klara-dostalova,2021-05-01,1,0,66,0
martin-kupka,2021-05-01,1,0,102,0
petr-fiala,2021-05-01,2,0,512,49
radek-vondracek,2021-05-01,1,0,94,0
tomio-okamura,2021-05-01,10,9,1186,692
zdenek-hrib,2021-05-01,1,0,82,0
alena-schillerova,2021-04-30,6,2,379,13
alexandra-udzenija,2021-04-30,1,0,83,0
andrej-babis,2021-04-30,6,0,736,45
klara-dostalova,2021-04-30,1,0,65,0
martin-kupka,2021-04-30,1,0,101,0
miroslav-kalousek,2021-04-30,3,0,287,0
petr-fiala,2021-04-30,5,2,510,49
tomio-okamura,2021-04-30,9,7,1176,683
alena-schillerova,2021-04-29,4,0,373,11
andrej-babis,2021-04-29,3,0,730,45
jan-farsky,2021-04-29,1,0,92,2
klara-dostalova,2021-04-29,1,0,64,0
martin-kupka,2021-04-29,1,0,100,0
miroslav-kalousek,2021-04-29,1,0,284,0
petr-fiala,2021-04-29,3,0,505,47
radek-vondracek,2021-04-29,1,0,93,0
tomio-okamura,2021-04-29,8,1,1167,676
zdenek-hrib,2021-04-29,2,0,81,0
alena-schillerova,2021-04-28,4,0,369,11
andrej-babis,2021-04-28,3,0,727,45
milos-zeman,2021-04-28,3,0,95,0
miroslav-kalousek,2021-04-28,2,0,283,0
petr-fiala,2021-04-28,4,0,502,47
tomio-okamura,2021-04-28,5,1,1159,675
vladimir-kremlik,2021-04-28,1,0,94,0
alena-schillerova,2021-04-27,3,0,365,11
alexandra-udzenija,2021-04-27,1,0,82,0
andrej-babis,2021-04-27,7,0,724,45
klara-dostalova,2021-04-27,2,0,63,0
martin-kupka,2021-04-27,1,0,99,0
milos-zeman,2021-04-27,2,0,92,0
miroslav-kalousek,2021-04-27,3,0,281,0
petr-fiala,2021-04-27,4,0,498,47
radek-vondracek,2021-04-27,1,0,92,0
tomio-okamura,2021-04-27,7,2,1154,674
zdenek-hrib,2021-04-27,1,0,79,0
alena-schillerova,2021-04-26,3,0,362,11
andrej-babis,2021-04-26,7,0,717,45
jan-farsky,2021-04-26,1,0,91,2
klara-dostalova,2021-04-26,1,0,61,0
martin-kupka,2021-04-26,1,0,98,0
milos-zeman,2021-04-26,2,0,90,0
miroslav-kalousek,2021-04-26,2,0,278,0
petr-fiala,2021-04-26,3,2,494,47
tomio-okamura,2021-04-26,6,3,1147,672
vladimir-kremlik,2021-04-26,1,0,93,0
alena-schillerova,2021-04-25,2,0,359,11
andrej-babis,2021-04-25,6,0,710,45
jan-farsky,2021-04-25,1,0,90,2
milos-zeman,2021-04-25,4,0,88,0
miroslav-kalousek,2021-04-25,3,0,276,0
petr-fiala,2021-04-25,2,0,491,45
radek-vondracek,2021-04-25,1,0,91,0
tomio-okamura,2021-04-25,5,2,1141,669
vladimir-kremlik,2021-04-25,1,0,92,0
alena-schillerova,2021-04-24,2,0,357,11
andrej-babis,2021-04-24,5,1,704,45
jan-farsky,2021-04-24,1,0,89,2
martin-kupka,2021-04-24,1,0,97,0
miroslav-kalousek,2021-04-24,1,0,273,0
petr-fiala,2021-04-24,3,0,489,45
tomio-okamura,2021-04-24,7,3,1136,667
zdenek-hrib,2021-04-24,1,0,78,0
alena-schillerova,2021-04-23,3,0,355,11
andrej-babis,2021-04-23,5,0,699,44
jan-farsky,2021-04-23,1,0,88,2
martin-kupka,2021-04-23,3,0,96,0
miroslav-kalousek,2021-04-23,1,0,272,0
petr-fiala,2021-04-23,7,2,486,45
tomio-okamura,2021-04-23,8,3,1129,664
alena-schillerova,2021-04-22,3,0,352,11
alexandra-udzenija,2021-04-22,1,0,81,0
andrej-babis,2021-04-22,4,0,694,44
klara-dostalova,2021-04-22,2,0,60,0
martin-kupka,2021-04-22,1,0,93,0
miroslav-kalousek,2021-04-22,2,0,271,0
petr-fiala,2021-04-22,6,0,479,43
tomio-okamura,2021-04-22,6,5,1121,661
zdenek-hrib,2021-04-22,1,0,77,0
alena-schillerova,2021-04-21,1,0,349,11
andrej-babis,2021-04-21,3,0,690,44
jan-farsky,2021-04-21,1,0,87,2
martin-kupka,2021-04-21,1,0,92,0
milos-zeman,2021-04-21,2,0,84,0
petr-fiala,2021-04-21,6,0,473,43
radek-vondracek,2021-04-21,1,0,90,0
tomio-okamura,2021-04-21,7,4,1115,656
vladimir-kremlik,2021-04-21,2,0,91,0
zdenek-hrib,2021-04-21,3,0,76,0
alena-schillerova,2021-04-20,4,0,348,11
andrej-babis,2021-04-20,3,0,687,44
jan-farsky,2021-04-20,2,0,86,2
klara-dostalova,2021-04-20,1,0,58,0
martin-kupka,2021-04-20,1,0,91,0
milos-zeman,2021-04-20,1,0,82,0
miroslav-kalousek,2021-04-20,3,0,269,0
petr-fiala,2021-04-20,4,0,467,43
tomio-okamura,2021-04-20,5,2,1108,652
vladimir-kremlik,2021-04-20,3,0,89,0
zdenek-hrib,2021-04-20,1,0,73,0
alena-schillerova,2021-04-19,4,0,344,11
andrej-babis,2021-04-19,2,0,684,44
jan-farsky,2021-04-19,3,0,84,2
klara-dostalova,2021-04-19,1,0,57,0
miroslav-kalousek,2021-04-19,4,0,266,0
petr-fiala,2021-04-19,7,2,463,43
tomio-okamura,2021-04-19,8,4,1103,650
zdenek-hrib,2021-04-19,2,0,72,0
alena-schillerova,2021-04-18,1,0,340,11
alexandra-udzenija,2021-04-18,1,0,80,0
andrej-babis,2021-04-18,4,1,682,44
miroslav-kalousek,2021-04-18,3,0,262,0
petr-fiala,2021-04-18,7,2,456,41
tomio-okamura,2021-04-18,7,2,1095,646
vladimir-kremlik,2021-04-18,1,0,86,0
zdenek-hrib,2021-04-18,1,0,70,0
alena-schillerova,2021-04-17,2,0,339,11
alexandra-udzenija,2021-04-17,1,0,79,0
andrej-babis,2021-04-17,5,0,678,43
martin-kupka,2021-04-17,2,0,90,0
miroslav-kalousek,2021-04-17,1,0,259,0
petr-fiala,2021-04-17,7,0,449,39
tomio-okamura,2021-04-17,7,4,1088,644
zdenek-hrib,2021-04-17,2,0,69,0
alena-schillerova,2021-04-16,3,0,337,11
alexandra-udzenija,2021-04-16,1,0,78,0
andrej-babis,2021-04-16,13,0,673,43
martin-kupka,2021-04-16,1,0,88,0
miroslav-kalousek,2021-04-16,1,0,258,0
petr-fiala,2021-04-16,4,0,442,39
radek-vondracek,2021-04-16,1,0,89,0
tomio-okamura,2021-04-16,6,3,1081,640
vladimir-kremlik,2021-04-16,2,0,85,0
alena-schillerova,2021-04-15,4,0,334,11
alexandra-udzenija,2021-04-15,1,0,77,0
andrej-babis,2021-04-15,10,0,660,43
jan-farsky,2021-04-15,1,0,81,2
martin-kupka,2021-04-15,1,0,87,0
milos-zeman,2021-04-15,3,0,81,0
miroslav-kalousek,2021-04-15,2,0,257,0
petr-fiala,2021-04-15,4,2,438,39
radek-vondracek,2021-04-15,1,0,88,0
tomio-okamura,2021-04-15,9,7,1075,637
vladimir-kremlik,2021-04-15,1,0,83,0
zdenek-hrib,2021-04-15,1,0,67,0
alena-schillerova,2021-04-14,4,0,330,11
alexandra-udzenija,2021-04-14,2,0,76,0
andrej-babis,2021-04-14,4,0,650,43
jan-farsky,2021-04-14,1,0,80,2
klara-dostalova,2021-04-14,1,0,56,0
martin-kupka,2021-04-14,1,0,86,0
miroslav-kalousek,2021-04-14,2,0,255,0
petr-fiala,2021-04-14,4,0,434,37
radek-vondracek,2021-04-14,2,0,87,0
tomio-okamura,2021-04-14,7,4,1066,630
alena-schillerova,2021-04-13,2,0,326,11
alexandra-udzenija,2021-04-13,1,0,74,0
andrej-babis,2021-04-13,3,0,646,43
jan-farsky,2021-04-13,1,0,79,2
klara-dostalova,2021-04-13,1,0,55,0
martin-kupka,2021-04-13,1,0,85,0
miroslav-kalousek,2021-04-13,3,0,253,0
petr-fiala,2021-04-13,7,0,430,37
tomio-okamura,2021-04-13,9,3,1059,626
vladimir-kremlik,2021-04-13,1,0,82,0
zdenek-hrib,2021-04-13,1,0,66,0
alena-schillerova,2021-04-12,4,0,324,11
andrej-babis,2021-04-12,3,0,643,43
jan-farsky,2021-04-12,1,0,78,2
miroslav-kalousek,2021-04-12,3,0,250,0
petr-fiala,2021-04-12,3,0,423,37
tomio-okamura,2021-04-12,9,5,1050,623
alena-schillerova,2021-04-11,1,0,320,11
andrej-babis,2021-04-11,2,0,640,43
martin-kupka,2021-04-11,2,0,84,0
milos-zeman,2021-04-11,2,0,78,0
miroslav-kalousek,2021-04-11,1,0,247,0
petr-fiala,2021-04-11,7,2,420,37
tomio-okamura,2021-04-11,7,5,1041,618
vladimir-kremlik,2021-04-11,2,0,81,0
zdenek-hrib,2021-04-11,1,0,65,0
alena-schillerova,2021-04-10,1,0,319,11
andrej-babis,2021-04-10,3,0,638,43
martin-kupka,2021-04-10,1,0,82,0
petr-fiala,2021-04-10,1,0,413,35
tomio-okamura,2021-04-10,4,2,1034,613
alena-schillerova,2021-04-09,3,0,318,11
alexandra-udzenija,2021-04-09,1,0,73,0
andrej-babis,2021-04-09,7,0,635,43
jan-farsky,2021-04-09,1,0,77,2
klara-dostalova,2021-04-09,1,0,54,0
martin-kupka,2021-04-09,1,0,81,0
milos-zeman,2021-04-09,1,0,76,0
miroslav-kalousek,2021-04-09,1,0,246,0
petr-fiala,2021-04-09,2,0,412,35
tomio-okamura,2021-04-09,6,2,1030,611
alena-schillerova,2021-04-08,1,0,315,11
andrej-babis,2021-04-08,5,0,628,43
miroslav-kalousek,2021-04-08,2,0,245,0
petr-fiala,2021-04-08,2,0,410,35
radek-vondracek,2021-04-08,1,0,85,0
tomio-okamura,2021-04-08,6,2,1024,609
vladimir-kremlik,2021-04-08,2,0,79,0
alena-schillerova,2021-04-07,3,0,314,11
alexandra-udzenija,2021-04-07,1,0,72,0
andrej-babis,2021-04-07,4,0,623,43
jan-farsky,2021-04-07,1,0,76,2
klara-dostalova,2021-04-07,1,0,53,0
martin-kupka,2021-04-07,2,0,80,0
milos-zeman,2021-04-07,3,0,75,0
miroslav-kalousek,2021-04-07,2,0,243,0
petr-fiala,2021-04-07,3,0,408,35
radek-vondracek,2021-04-07,1,0,84,0
tomio-okamura,2021-04-07,8,5,1018,607
vladimir-kremlik,2021-04-07,1,0,77,0
alena-schillerova,2021-04-06,3,0,311,11
alexandra-udzenija,2021-04-06,1,0,71,0
andrej-babis,2021-04-06,4,0,619,43
jan-farsky,2021-04-06,1,0,75,2
klara-dostalova,2021-04-06,3,0,52,0
martin-kupka,2021-04-06,1,0,78,0
milos-zeman,2021-04-06,1,0,72,0
miroslav-kalousek,2021-04-06,1,0,241,0
petr-fiala,2021-04-06,3,0,405,35
radek-vondracek,2021-04-06,1,0,83,0
tomio-okamura,2021-04-06,8,3,1010,602
vladimir-kremlik,2021-04-06,1,0,76,0
zdenek-hrib,2021-04-06,1,0,64,0
alena-schillerova,2021-04-05,2,1,308,11
alexandra-udzenija,2021-04-05,1,0,70,0
andrej-babis,2021-04-05,2,0,615,43
petr-fiala,2021-04-05,1,0,402,35
radek-vondracek,2021-04-05,1,0,82,0
tomio-okamura,2021-04-05,4,2,1002,599
zdenek-hrib,2021-04-05,1,0,63,0
alena-schillerova,2021-04-04,1,0,306,10
alexandra-udzenija,2021-04-04,1,0,69,0
andrej-babis,2021-04-04,3,0,613,43
klara-dostalova,2021-04-04,1,0,49,0
miroslav-kalousek,2021-04-04,1,0,240,0
petr-fiala,2021-04-04,2,0,401,35
tomio-okamura,2021-04-04,5,1,998,597
alena-schillerova,2021-04-03,1,0,305,10
andrej-babis,2021-04-03,2,0,610,43
petr-fiala,2021-04-03,1,0,399,35
tomio-okamura,2021-04-03,5,3,993,596
vladimir-kremlik,2021-04-03,1,0,75,0
alena-schillerova,2021-04-02,3,0,304,10
andrej-babis,2021-04-02,6,1,608,43
klara-dostalova,2021-04-02,1,0,48,0
martin-kupka,2021-04-02,1,0,77,0
miroslav-kalousek,2021-04-02,4,0,239,0
petr-fiala,2021-04-02,3,0,398,35
radek-vondracek,2021-04-02,1,0,81,0
tomio-okamura,2021-04-02,7,5,988,593
zdenek-hrib,2021-04-02,1,0,62,0
alena-schillerova,2021-04-01,3,1,301,10
andrej-babis,2021-04-01,5,0,602,42
jan-farsky,2021-04-01,1,0,74,2
karel-havlicek-3,2021-04-01,1,0,328,0
klara-dostalova,2021-04-01,4,0,47,0
martin-kupka,2021-04-01,2,0,76,0
milos-zeman,2021-04-01,1,0,71,0
miroslav-kalousek,2021-04-01,3,0,235,0
petr-fiala,2021-04-01,4,0,395,35
radek-vondracek,2021-04-01,2,0,80,0
tomio-okamura,2021-04-01,9,4,981,588
vladimir-kremlik,2021-04-01,1,0,74,0
zdenek-hrib,2021-04-01,1,0,61,0
alena-schillerova,2021-03-31,2,0,298,9
alexandra-udzenija,2021-03-31,2,0,68,0
andrej-babis,2021-03-31,3,0,597,42
karel-havlicek-3,2021-03-31,2,0,327,0
klara-dostalova,2021-03-31,1,0,43,0
martin-kupka,2021-03-31,2,0,74,0
milos-zeman,2021-03-31,2,0,70,0
petr-fiala,2021-03-31,2,0,391,35
tomio-okamura,2021-03-31,7,1,972,584
vladimir-kremlik,2021-03-31,1,0,73,0
zdenek-hrib,2021-03-31,2,0,60,0
alena-schillerova,2021-03-30,2,0,296,9
alexandra-udzenija,2021-03-30,1,0,66,0
andrej-babis,2021-03-30,7,0,594,42
jan-farsky,2021-03-30,1,0,73,2
karel-havlicek-3,2021-03-30,2,0,325,0
martin-kupka,2021-03-30,1,0,72,0
milos-zeman,2021-03-30,2,0,68,0
miroslav-kalousek,2021-03-30,1,0,232,0
petr-fiala,2021-03-30,5,2,389,35
tomio-okamura,2021-03-30,7,5,965,583
zdenek-hrib,2021-03-30,1,0,58,0
alena-schillerova,2021-03-29,2,0,294,9
andrej-babis,2021-03-29,1,0,587,42
karel-havlicek-3,2021-03-29,1,0,323,0
klara-dostalova,2021-03-29,1,0,42,0
martin-kupka,2021-03-29,1,0,71,0
milos-zeman,2021-03-29,1,0,66,0
miroslav-kalousek,2021-03-29,2,0,231,0
petr-fiala,2021-03-29,5,2,384,33
radek-vondracek,2021-03-29,2,0,78,0
tomio-okamura,2021-03-29,8,4,958,578
alena-schillerova,2021-03-28,3,1,292,9
alexandra-udzenija,2021-03-28,1,0,65,0
andrej-babis,2021-03-28,6,2,586,42
klara-dostalova,2021-03-28,1,0,41,0
milos-zeman,2021-03-28,1,0,65,0
petr-fiala,2021-03-28,2,0,379,31
tomio-okamura,2021-03-28,7,5,950,574
zdenek-hrib,2021-03-28,1,0,57,0
alexandra-udzenija,2021-03-27,1,0,64,0
karel-havlicek-3,2021-03-27,1,0,322,0
martin-kupka,2021-03-27,2,0,70,0
miroslav-kalousek,2021-03-27,3,0,229,0
petr-fiala,2021-03-27,1,0,377,31
tomio-okamura,2021-03-27,6,2,943,569
alena-schillerova,2021-03-26,3,0,289,8
alexandra-udzenija,2021-03-26,1,0,63,0
andrej-babis,2021-03-26,7,0,580,40
jan-farsky,2021-03-26,1,0,72,2
karel-havlicek-3,2021-03-26,5,0,321,0
klara-dostalova,2021-03-26,1,0,40,0
martin-kupka,2021-03-26,2,0,68,0
miroslav-kalousek,2021-03-26,2,0,226,0
petr-fiala,2021-03-26,8,4,376,31
tomio-okamura,2021-03-26,8,5,937,567
alena-schillerova,2021-03-25,2,0,286,8
andrej-babis,2021-03-25,8,0,573,40
karel-havlicek-3,2021-03-25,3,0,316,0
klara-dostalova,2021-03-25,1,0,39,0
martin-kupka,2021-03-25,1,0,66,0
miroslav-kalousek,2021-03-25,2,0,224,0
petr-fiala,2021-03-25,4,0,368,27
tomio-okamura,2021-03-25,5,1,929,562
vladimir-kremlik,2021-03-25,4,0,72,0
alena-schillerova,2021-03-24,4,0,284,8
alexandra-udzenija,2021-03-24,1,0,62,0
andrej-babis,2021-03-24,8,0,565,40
jan-farsky,2021-03-24,1,0,71,2
karel-havlicek-3,2021-03-24,2,0,313,0
klara-dostalova,2021-03-24,1,0,38,0
martin-kupka,2021-03-24,3,0,65,0
miroslav-kalousek,2021-03-24,2,0,222,0
petr-fiala,2021-03-24,5,0,364,27
tomio-okamura,2021-03-24,7,3,924,561
vladimir-kremlik,2021-03-24,1,0,68,0
zdenek-hrib,2021-03-24,1,0,56,0
alena-schillerova,2021-03-23,2,0,280,8
alexandra-udzenija,2021-03-23,1,0,61,0
andrej-babis,2021-03-23,4,0,557,40
jan-farsky,2021-03-23,1,0,70,2
karel-havlicek-3,2021-03-23,2,0,311,0
martin-kupka,2021-03-23,1,0,62,0
milos-zeman,2021-03-23,1,0,64,0
miroslav-kalousek,2021-03-23,3,0,220,0
petr-fiala,2021-03-23,8,0,359,27
petr-gazdik,2021-03-23,1,0,12,0
tomio-okamura,2021-03-23,8,6,917,558
vladimir-kremlik,2021-03-23,2,0,67,0
zdenek-hrib,2021-03-23,1,0,55,0
alena-schillerova,2021-03-22,4,0,278,8
andrej-babis,2021-03-22,11,0,553,40
jan-farsky,2021-03-22,1,0,69,2
karel-havlicek-3,2021-03-22,3,0,309,0
martin-kupka,2021-03-22,2,0,61,0
milos-zeman,2021-03-22,1,0,63,0
miroslav-kalousek,2021-03-22,2,0,217,0
petr-fiala,2021-03-22,6,2,351,27
radek-vondracek,2021-03-22,1,0,76,0
tomio-okamura,2021-03-22,6,3,909,552
zdenek-hrib,2021-03-22,1,0,54,0
alena-schillerova,2021-03-21,2,0,274,8
andrej-babis,2021-03-21,10,2,542,40
martin-kupka,2021-03-21,1,0,59,0
miroslav-kalousek,2021-03-21,1,0,215,0
petr-fiala,2021-03-21,1,0,345,25
tomio-okamura,2021-03-21,8,5,903,549
vladimir-kremlik,2021-03-21,1,0,65,0
alena-schillerova,2021-03-20,2,0,272,8
andrej-babis,2021-03-20,2,0,532,38
martin-kupka,2021-03-20,1,0,58,0
petr-fiala,2021-03-20,2,0,344,25
petr-gazdik,2021-03-20,2,0,11,0
tomio-okamura,2021-03-20,9,7,895,544
zdenek-hrib,2021-03-20,1,0,53,0
alena-schillerova,2021-03-19,1,0,270,8
andrej-babis,2021-03-19,5,0,530,38
karel-havlicek-3,2021-03-19,2,0,306,0
martin-kupka,2021-03-19,1,0,57,0
miroslav-kalousek,2021-03-19,1,0,214,0
petr-fiala,2021-03-19,3,2,342,25
tomio-okamura,2021-03-19,6,2,886,537
alena-schillerova,2021-03-18,3,0,269,8
andrej-babis,2021-03-18,3,0,525,38
karel-havlicek-3,2021-03-18,2,0,304,0
klara-dostalova,2021-03-18,1,0,37,0
martin-kupka,2021-03-18,1,0,56,0
miroslav-kalousek,2021-03-18,1,0,213,0
petr-fiala,2021-03-18,3,0,339,23
radek-vondracek,2021-03-18,1,0,75,0
tomio-okamura,2021-03-18,8,6,880,535
vladimir-kremlik,2021-03-18,2,0,64,0
zdenek-hrib,2021-03-18,1,0,52,0
alena-schillerova,2021-03-17,1,0,266,8
andrej-babis,2021-03-17,3,0,522,38
jan-farsky,2021-03-17,1,0,68,2
karel-havlicek-3,2021-03-17,1,0,302,0
klara-dostalova,2021-03-17,2,0,36,0
milos-zeman,2021-03-17,2,0,62,0
miroslav-kalousek,2021-03-17,3,0,212,0
petr-fiala,2021-03-17,2,0,336,23
radek-vondracek,2021-03-17,1,0,74,0
tomio-okamura,2021-03-17,7,4,872,529
vladimir-kremlik,2021-03-17,1,0,62,0
zdenek-hrib,2021-03-17,1,0,51,0
alena-schillerova,2021-03-16,4,2,265,8
andrej-babis,2021-03-16,15,0,519,38
karel-havlicek-3,2021-03-16,3,0,301,0
martin-kupka,2021-03-16,1,0,55,0
milos-zeman,2021-03-16,1,0,60,0
petr-fiala,2021-03-16,4,0,334,23
radek-vondracek,2021-03-16,1,0,73,0
tomio-okamura,2021-03-16,5,2,865,525
vladimir-kremlik,2021-03-16,1,0,61,0
zdenek-hrib,2021-03-16,1,0,50,0
alena-schillerova,2021-03-15,2,0,261,6
andrej-babis,2021-03-15,5,0,504,38
martin-kupka,2021-03-15,1,0,54,0
miroslav-kalousek,2021-03-15,2,0,209,0
petr-fiala,2021-03-15,2,0,330,23
tomio-okamura,2021-03-15,7,4,860,523
vladimir-kremlik,2021-03-15,2,0,60,0
alena-schillerova,2021-03-14,1,0,259,6
alexandra-udzenija,2021-03-14,1,0,60,0
andrej-babis,2021-03-14,4,3,499,38
jan-farsky,2021-03-14,2,0,67,2
petr-fiala,2021-03-14,3,0,328,23
radek-vondracek,2021-03-14,1,0,72,0
tomio-okamura,2021-03-14,7,4,853,519
alena-schillerova,2021-03-13,1,0,258,6
alexandra-udzenija,2021-03-13,1,0,59,0
andrej-babis,2021-03-13,7,0,495,35
karel-havlicek-3,2021-03-13,1,0,298,0
martin-kupka,2021-03-13,1,0,53,0
miroslav-kalousek,2021-03-13,2,0,207,0
petr-fiala,2021-03-13,4,0,325,23
tomio-okamura,2021-03-13,5,1,846,515
vladimir-kremlik,2021-03-13,1,0,58,0
zdenek-hrib,2021-03-13,1,0,49,0
alena-schillerova,2021-03-12,2,0,257,6
andrej-babis,2021-03-12,5,0,488,35
jan-farsky,2021-03-12,1,0,65,2
karel-havlicek-3,2021-03-12,1,0,297,0
martin-kupka,2021-03-12,1,0,52,0
miroslav-kalousek,2021-03-12,2,0,205,0
petr-fiala,2021-03-12,1,0,321,23
tomio-okamura,2021-03-12,6,2,841,514
alena-schillerova,2021-03-11,2,0,255,6
andrej-babis,2021-03-11,14,0,483,35
karel-havlicek-3,2021-03-11,3,0,296,0
klara-dostalova,2021-03-11,1,0,34,0
martin-kupka,2021-03-11,1,0,51,0
milos-zeman,2021-03-11,1,0,59,0
petr-fiala,2021-03-11,3,0,320,23
petr-gazdik,2021-03-11,1,0,9,0
tomio-okamura,2021-03-11,7,2,835,512
alena-schillerova,2021-03-10,2,0,253,6
andrej-babis,2021-03-10,6,0,469,35
jan-farsky,2021-03-10,1,0,64,2
karel-havlicek-3,2021-03-10,4,0,293,0
martin-kupka,2021-03-10,2,0,50,0
miroslav-kalousek,2021-03-10,2,0,203,0
petr-fiala,2021-03-10,5,0,317,23
radek-vondracek,2021-03-10,2,0,71,0
tomio-okamura,2021-03-10,14,4,828,510
zdenek-hrib,2021-03-10,2,0,48,0
alena-schillerova,2021-03-09,3,0,251,6
andrej-babis,2021-03-09,14,0,463,35
karel-havlicek-3,2021-03-09,1,0,289,0
petr-fiala,2021-03-09,5,0,312,23
petr-gazdik,2021-03-09,2,0,8,0
radek-vondracek,2021-03-09,3,0,69,0
tomio-okamura,2021-03-09,18,8,814,506
vladimir-kremlik,2021-03-09,1,0,57,0
alena-schillerova,2021-03-08,1,0,248,6
andrej-babis,2021-03-08,10,0,449,35
karel-havlicek-3,2021-03-08,5,0,288,0
klara-dostalova,2021-03-08,1,0,33,0
martin-kupka,2021-03-08,1,0,48,0
milos-zeman,2021-03-08,1,0,58,0
miroslav-kalousek,2021-03-08,1,0,201,0
petr-fiala,2021-03-08,1,0,307,23
radek-vondracek,2021-03-08,2,0,66,0
tomio-okamura,2021-03-08,14,4,796,498
zdenek-hrib,2021-03-08,1,0,46,0
alena-schillerova,2021-03-07,4,0,247,6
alexandra-udzenija,2021-03-07,1,0,58,0
andrej-babis,2021-03-07,6,4,439,35
karel-havlicek-3,2021-03-07,3,0,283,0
martin-kupka,2021-03-07,2,0,47,0
milos-zeman,2021-03-07,1,0,57,0
miroslav-kalousek,2021-03-07,1,0,200,0
petr-fiala,2021-03-07,3,0,306,23
tomio-okamura,2021-03-07,12,4,782,494
vladimir-kremlik,2021-03-07,1,0,56,0
zdenek-hrib,2021-03-07,1,0,45,0
alena-schillerova,2021-03-06,1,0,243,6
andrej-babis,2021-03-06,1,0,433,31
jan-farsky,2021-03-06,1,0,63,2
karel-havlicek-3,2021-03-06,2,0,280,0
petr-fiala,2021-03-06,3,0,303,23
tomio-okamura,2021-03-06,11,2,770,490
zdenek-hrib,2021-03-06,1,0,44,0
alena-schillerova,2021-03-05,1,0,242,6
alexandra-udzenija,2021-03-05,1,0,57,0
andrej-babis,2021-03-05,1,0,432,31
jan-farsky,2021-03-05,2,0,62,2
karel-havlicek-3,2021-03-05,3,0,278,0
miroslav-kalousek,2021-03-05,2,0,199,0
petr-fiala,2021-03-05,4,0,300,23
tomio-okamura,2021-03-05,12,2,759,488
vladimir-kremlik,2021-03-05,1,0,55,0
alena-schillerova,2021-03-04,1,0,241,6
andrej-babis,2021-03-04,2,0,431,31
karel-havlicek-3,2021-03-04,1,0,275,0
martin-kupka,2021-03-04,1,0,45,0
petr-fiala,2021-03-04,18,0,296,23
tomio-okamura,2021-03-04,14,2,747,486
vladimir-kremlik,2021-03-04,1,0,54,0
andrej-babis,2021-03-03,7,0,429,31
jan-farsky,2021-03-03,2,0,60,2
karel-havlicek-3,2021-03-03,5,0,274,0
klara-dostalova,2021-03-03,3,0,32,0
martin-kupka,2021-03-03,2,0,44,0
milos-zeman,2021-03-03,3,0,56,0
miroslav-kalousek,2021-03-03,3,0,197,0
petr-fiala,2021-03-03,6,0,278,23
radek-vondracek,2021-03-03,1,0,64,0
tomio-okamura,2021-03-03,10,6,733,484
vladimir-kremlik,2021-03-03,4,0,53,0
zdenek-hrib,2021-03-03,1,0,43,0
alena-schillerova,2021-03-02,6,1,240,6
andrej-babis,2021-03-02,6,0,422,31
jan-farsky,2021-03-02,1,0,58,2
klara-dostalova,2021-03-02,2,0,29,0
martin-kupka,2021-03-02,1,0,42,0
milos-zeman,2021-03-02,1,0,53,0
miroslav-kalousek,2021-03-02,4,0,194,0
petr-fiala,2021-03-02,5,0,272,23
radek-vondracek,2021-03-02,3,0,63,0
tomio-okamura,2021-03-02,23,16,723,478
vladimir-kremlik,2021-03-02,1,0,49,0
zdenek-hrib,2021-03-02,1,0,42,0
alena-schillerova,2021-03-01,4,0,234,5
alexandra-udzenija,2021-03-01,1,0,56,0
andrej-babis,2021-03-01,3,0,416,31
karel-havlicek-3,2021-03-01,3,0,269,0
petr-fiala,2021-03-01,3,0,267,23
tomio-okamura,2021-03-01,13,3,700,462
vladimir-kremlik,2021-03-01,1,0,48,0
alena-schillerova,2021-02-28,2,0,230,5
alexandra-udzenija,2021-02-28,2,0,55,0
andrej-babis,2021-02-28,5,4,413,31
milos-zeman,2021-02-28,1,0,52,0
miroslav-kalousek,2021-02-28,3,0,190,0
petr-fiala,2021-02-28,2,2,264,23
tomio-okamura,2021-02-28,6,4,687,459
vladimir-kremlik,2021-02-28,2,0,47,0
alena-schillerova,2021-02-27,4,0,228,5
alexandra-udzenija,2021-02-27,2,0,53,0
andrej-babis,2021-02-27,1,0,408,27
karel-havlicek-3,2021-02-27,2,0,266,0
miroslav-kalousek,2021-02-27,2,0,187,0
petr-fiala,2021-02-27,1,0,262,21
radek-vondracek,2021-02-27,1,0,60,0
tomio-okamura,2021-02-27,7,2,681,455
vladimir-kremlik,2021-02-27,2,0,45,0
zdenek-hrib,2021-02-27,2,0,41,0
alena-schillerova,2021-02-26,5,0,224,5
andrej-babis,2021-02-26,4,0,407,27
karel-havlicek-3,2021-02-26,6,0,264,0
martin-kupka,2021-02-26,2,0,41,0
miroslav-kalousek,2021-02-26,1,0,185,0
petr-fiala,2021-02-26,3,0,261,21
tomio-okamura,2021-02-26,12,5,674,453
zdenek-hrib,2021-02-26,1,0,39,0
alena-schillerova,2021-02-25,5,1,219,5
alexandra-udzenija,2021-02-25,2,0,51,0
andrej-babis,2021-02-25,9,0,403,27
jan-farsky,2021-02-25,1,0,57,2
karel-havlicek-3,2021-02-25,7,0,258,0
milos-zeman,2021-02-25,2,0,51,0
miroslav-kalousek,2021-02-25,1,0,184,0
petr-fiala,2021-02-25,4,0,258,21
radek-vondracek,2021-02-25,3,0,59,0
tomio-okamura,2021-02-25,8,5,662,448
zdenek-hrib,2021-02-25,1,0,38,0
alena-schillerova,2021-02-24,3,0,214,4
alexandra-udzenija,2021-02-24,2,0,49,0
andrej-babis,2021-02-24,4,0,394,27
karel-havlicek-3,2021-02-24,2,0,251,0
milos-zeman,2021-02-24,1,0,49,0
miroslav-kalousek,2021-02-24,2,0,183,0
petr-fiala,2021-02-24,3,0,254,21
radek-vondracek,2021-02-24,4,0,56,0
tomio-okamura,2021-02-24,13,6,654,443
alena-schillerova,2021-02-23,5,0,211,4
andrej-babis,2021-02-23,11,0,390,27
karel-havlicek-3,2021-02-23,4,0,249,0
milos-zeman,2021-02-23,1,0,48,0
miroslav-kalousek,2021-02-23,6,0,181,0
petr-fiala,2021-02-23,5,0,251,21
radek-vondracek,2021-02-23,1,0,52,0
tomio-okamura,2021-02-23,13,12,641,437
vladimir-kremlik,2021-02-23,3,0,43,0
zdenek-hrib,2021-02-23,1,0,37,0
alena-schillerova,2021-02-22,7,0,206,4
andrej-babis,2021-02-22,4,0,379,27
jan-farsky,2021-02-22,2,0,56,2
karel-havlicek-3,2021-02-22,4,0,245,0
martin-kupka,2021-02-22,2,0,39,0
miroslav-kalousek,2021-02-22,2,0,175,0
petr-fiala,2021-02-22,5,0,246,21
tomio-okamura,2021-02-22,13,8,628,425
vladimir-kremlik,2021-02-22,2,0,40,0
andrej-babis,2021-02-21,9,6,375,27
miroslav-kalousek,2021-02-21,4,0,173,0
petr-fiala,2021-02-21,3,0,241,21
tomio-okamura,2021-02-21,8,7,615,417
vladimir-kremlik,2021-02-21,2,0,38,0
alena-schillerova,2021-02-20,6,0,199,4
alexandra-udzenija,2021-02-20,1,0,47,0
andrej-babis,2021-02-20,4,0,366,21
karel-havlicek-3,2021-02-20,2,0,241,0
miroslav-kalousek,2021-02-20,2,0,169,0
petr-fiala,2021-02-20,1,0,238,21
tomio-okamura,2021-02-20,9,8,607,410
zdenek-hrib,2021-02-20,1,0,36,0
alena-schillerova,2021-02-19,5,0,193,4
alexandra-udzenija,2021-02-19,1,0,46,0
andrej-babis,2021-02-19,5,0,362,21
jan-farsky,2021-02-19,2,0,54,2
karel-havlicek-3,2021-02-19,5,0,239,0
martin-kupka,2021-02-19,2,0,37,0
petr-fiala,2021-02-19,6,0,237,21
radek-vondracek,2021-02-19,3,0,51,0
tomio-okamura,2021-02-19,24,19,598,402
vladimir-kremlik,2021-02-19,1,0,36,0
zdenek-hrib,2021-02-19,1,0,35,0
alena-schillerova,2021-02-18,9,0,188,4
alexandra-udzenija,2021-02-18,1,0,45,0
andrej-babis,2021-02-18,11,0,357,21
karel-havlicek-3,2021-02-18,5,0,234,0
klara-dostalova,2021-02-18,4,0,27,0
martin-kupka,2021-02-18,1,0,35,0
miroslav-kalousek,2021-02-18,8,0,167,0
petr-fiala,2021-02-18,11,0,231,21
radek-vondracek,2021-02-18,1,0,48,0
tomio-okamura,2021-02-18,35,31,574,383
alena-schillerova,2021-02-17,1,0,179,4
andrej-babis,2021-02-17,13,0,346,21
karel-havlicek-3,2021-02-17,3,0,229,0
milos-zeman,2021-02-17,3,0,47,0
miroslav-kalousek,2021-02-17,4,0,159,0
petr-fiala,2021-02-17,6,0,220,21
radek-vondracek,2021-02-17,4,0,47,0
tomio-okamura,2021-02-17,11,7,539,352
zdenek-hrib,2021-02-17,2,0,34,0
alena-schillerova,2021-02-16,7,2,178,4
alexandra-udzenija,2021-02-16,1,0,44,0
andrej-babis,2021-02-16,2,0,333,21
jan-farsky,2021-02-16,1,0,52,2
karel-havlicek-3,2021-02-16,12,0,226,0
klara-dostalova,2021-02-16,2,0,23,0
milos-zeman,2021-02-16,1,0,44,0
miroslav-kalousek,2021-02-16,6,0,155,0
petr-fiala,2021-02-16,10,0,214,21
tomio-okamura,2021-02-16,13,11,528,345
zdenek-hrib,2021-02-16,3,0,32,0
alena-schillerova,2021-02-15,6,1,171,2
andrej-babis,2021-02-15,9,0,331,21
karel-havlicek-3,2021-02-15,14,0,214,0
petr-fiala,2021-02-15,3,0,204,21
tomio-okamura,2021-02-15,8,5,515,334
zdenek-hrib,2021-02-15,1,0,29,0
alena-schillerova,2021-02-14,6,0,165,1
alexandra-udzenija,2021-02-14,1,0,43,0
andrej-babis,2021-02-14,17,6,322,21
jan-farsky,2021-02-14,2,0,51,2
miroslav-kalousek,2021-02-14,4,0,149,0
petr-fiala,2021-02-14,4,0,201,21
radek-vondracek,2021-02-14,1,0,43,0
tomio-okamura,2021-02-14,13,10,507,329
zdenek-hrib,2021-02-14,2,0,28,0
alena-schillerova,2021-02-13,1,0,159,1
alexandra-udzenija,2021-02-13,2,0,42,0
andrej-babis,2021-02-13,5,0,305,15
martin-kupka,2021-02-13,2,0,34,0
miroslav-kalousek,2021-02-13,2,0,145,0
petr-fiala,2021-02-13,4,2,197,21
tomio-okamura,2021-02-13,13,11,494,319
zdenek-hrib,2021-02-13,1,0,26,0
alena-schillerova,2021-02-12,1,0,158,1
alexandra-udzenija,2021-02-12,2,0,40,0
andrej-babis,2021-02-12,10,0,300,15
jan-farsky,2021-02-12,2,0,49,2
karel-havlicek-3,2021-02-12,1,0,200,0
martin-kupka,2021-02-12,2,0,32,0
milos-zeman,2021-02-12,3,0,43,0
miroslav-kalousek,2021-02-12,2,0,143,0
petr-fiala,2021-02-12,3,0,193,19
tomio-okamura,2021-02-12,19,17,481,308
zdenek-hrib,2021-02-12,2,0,25,0
alena-schillerova,2021-02-11,9,0,157,1
andrej-babis,2021-02-11,6,0,290,15
jan-farsky,2021-02-11,5,0,47,2
karel-havlicek-3,2021-02-11,8,0,199,0
klara-dostalova,2021-02-11,2,0,21,0
miroslav-kalousek,2021-02-11,8,0,141,0
petr-fiala,2021-02-11,11,0,190,19
tomio-okamura,2021-02-11,14,6,462,291
zdenek-hrib,2021-02-11,1,0,23,0
adam-vojtech-1,2021-02-10,2,0,27,0
alena-schillerova,2021-02-10,4,0,148,1
alexandra-udzenija,2021-02-10,1,0,38,0
andrej-babis,2021-02-10,15,0,284,15
jan-farsky,2021-02-10,9,2,42,2
karel-havlicek-3,2021-02-10,5,0,191,0
martin-kupka,2021-02-10,1,0,30,0
milos-zeman,2021-02-10,5,0,40,0
miroslav-kalousek,2021-02-10,4,0,133,0
petr-fiala,2021-02-10,8,0,179,19
radek-vondracek,2021-02-10,2,0,42,0
tomio-okamura,2021-02-10,16,12,448,285
vladimir-kremlik,2021-02-10,4,0,35,0
alena-schillerova,2021-02-09,4,0,144,1
alexandra-udzenija,2021-02-09,1,0,37,0
andrej-babis,2021-02-09,4,0,269,15
jan-farsky,2021-02-09,2,0,33,0
karel-havlicek-3,2021-02-09,6,0,186,0
milos-zeman,2021-02-09,5,0,35,0
petr-fiala,2021-02-09,4,0,171,19
tomio-okamura,2021-02-09,18,14,432,273
zdenek-hrib,2021-02-09,1,0,22,0
alena-schillerova,2021-02-08,7,0,140,1
andrej-babis,2021-02-08,3,0,265,15
karel-havlicek-3,2021-02-08,4,0,180,0
klara-dostalova,2021-02-08,2,0,19,0
martin-kupka,2021-02-08,3,0,29,0
miroslav-kalousek,2021-02-08,2,0,129,0
petr-fiala,2021-02-08,4,0,167,19
radek-vondracek,2021-02-08,1,0,40,0
tomio-okamura,2021-02-08,13,9,414,259
zdenek-hrib,2021-02-08,1,0,21,0
alexandra-udzenija,2021-02-07,2,0,36,0
andrej-babis,2021-02-07,8,6,262,15
jan-farsky,2021-02-07,3,0,31,0
martin-kupka,2021-02-07,1,0,26,0
milos-zeman,2021-02-07,1,0,30,0
miroslav-kalousek,2021-02-07,2,0,127,0
petr-fiala,2021-02-07,5,0,163,19
tomio-okamura,2021-02-07,6,4,401,250
adam-vojtech-1,2021-02-06,2,0,25,0
alena-schillerova,2021-02-06,3,0,133,1
andrej-babis,2021-02-06,2,0,254,9
karel-havlicek-3,2021-02-06,4,0,176,0
martin-kupka,2021-02-06,4,0,25,0
miroslav-kalousek,2021-02-06,4,0,125,0
petr-fiala,2021-02-06,3,0,158,19
tomio-okamura,2021-02-06,6,1,395,246
zdenek-hrib,2021-02-06,1,0,20,0
adam-vojtech-1,2021-02-05,1,0,23,0
alena-schillerova,2021-02-05,8,0,130,1
andrej-babis,2021-02-05,12,0,252,9
karel-havlicek-3,2021-02-05,9,0,172,0
miroslav-kalousek,2021-02-05,6,0,121,0
petr-fiala,2021-02-05,9,0,155,19
radek-vondracek,2021-02-05,4,0,39,0
tomio-okamura,2021-02-05,23,22,389,245
adam-vojtech-1,2021-02-04,1,0,22,0
alena-schillerova,2021-02-04,3,0,122,1
andrej-babis,2021-02-04,9,0,240,9
karel-havlicek-3,2021-02-04,6,0,163,0
miroslav-kalousek,2021-02-04,3,0,115,0
petr-fiala,2021-02-04,7,0,146,19
radek-vondracek,2021-02-04,2,0,35,0
tomio-okamura,2021-02-04,18,16,366,223
zdenek-hrib,2021-02-04,1,0,19,0
alena-schillerova,2021-02-03,2,0,119,1
alexandra-udzenija,2021-02-03,1,0,34,0
andrej-babis,2021-02-03,10,0,231,9
jan-hamacek,2021-02-03,2,0,32,1
karel-havlicek-3,2021-02-03,7,0,157,0
martin-kupka,2021-02-03,2,0,21,0
milos-zeman,2021-02-03,2,0,29,0
miroslav-kalousek,2021-02-03,7,0,112,0
petr-fiala,2021-02-03,7,0,139,19
radek-vondracek,2021-02-03,1,0,33,0
tomio-okamura,2021-02-03,14,9,348,207
alena-schillerova,2021-02-02,4,0,117,1
andrej-babis,2021-02-02,15,0,221,9
jan-hamacek,2021-02-02,2,0,30,1
karel-havlicek-3,2021-02-02,5,0,150,0
klara-dostalova,2021-02-02,2,0,17,0
martin-kupka,2021-02-02,2,0,19,0
milos-zeman,2021-02-02,4,0,27,0
miroslav-kalousek,2021-02-02,8,0,105,0
petr-fiala,2021-02-02,3,0,132,19
tomio-okamura,2021-02-02,9,5,334,198
vladimir-kremlik,2021-02-02,4,0,31,0
zdenek-hrib,2021-02-02,1,0,18,0
alena-schillerova,2021-02-01,6,1,113,1
alexandra-udzenija,2021-02-01,2,0,33,0
andrej-babis,2021-02-01,11,3,206,9
karel-havlicek-3,2021-02-01,1,0,145,0
miroslav-kalousek,2021-02-01,4,0,97,0
petr-fiala,2021-02-01,1,0,129,19
tomio-okamura,2021-02-01,9,4,325,193
adam-vojtech-1,2021-01-31,1,0,21,0
alexandra-udzenija,2021-01-31,1,0,31,0
andrej-babis,2021-01-31,11,6,195,6
milos-zeman,2021-01-31,1,0,23,0
miroslav-kalousek,2021-01-31,2,0,93,0
petr-fiala,2021-01-31,1,0,128,19
radek-vondracek,2021-01-31,2,0,32,0
tomio-okamura,2021-01-31,7,5,316,189
vladimir-kremlik,2021-01-31,2,0,27,0
alena-schillerova,2021-01-30,1,0,107,0
karel-havlicek-3,2021-01-30,3,0,144,0
martin-kupka,2021-01-30,1,0,17,0
petr-fiala,2021-01-30,1,0,127,19
tomio-okamura,2021-01-30,6,4,309,184
vladimir-kremlik,2021-01-30,6,0,25,0
alena-schillerova,2021-01-29,1,0,106,0
alexandra-udzenija,2021-01-29,2,0,30,0
andrej-babis,2021-01-29,4,0,184,0
jan-farsky,2021-01-29,2,0,28,0
karel-havlicek-3,2021-01-29,3,0,141,0
miroslav-kalousek,2021-01-29,4,0,91,0
petr-fiala,2021-01-29,6,0,126,19
radek-vondracek,2021-01-29,1,0,30,0
tomio-okamura,2021-01-29,16,8,303,180
zdenek-hrib,2021-01-29,2,0,17,0
adam-vojtech-1,2021-01-28,1,0,20,0
alena-schillerova,2021-01-28,1,0,105,0
alexandra-udzenija,2021-01-28,1,0,28,0
andrej-babis,2021-01-28,1,0,180,0
jan-farsky,2021-01-28,3,0,26,0
karel-havlicek-3,2021-01-28,7,0,138,0
klara-dostalova,2021-01-28,1,0,15,0
martin-kupka,2021-01-28,2,0,16,0
miroslav-kalousek,2021-01-28,6,0,87,0
petr-fiala,2021-01-28,7,0,120,19
petr-gazdik,2021-01-28,3,0,6,0
tomio-okamura,2021-01-28,7,2,287,172
vladimir-kremlik,2021-01-28,1,0,19,0
zdenek-hrib,2021-01-28,1,0,15,0
alena-schillerova,2021-01-27,2,0,104,0
alexandra-udzenija,2021-01-27,1,0,27,0
andrej-babis,2021-01-27,2,0,179,0
karel-havlicek-3,2021-01-27,3,0,131,0
martin-kupka,2021-01-27,2,0,14,0
milos-zeman,2021-01-27,6,0,22,0
petr-fiala,2021-01-27,7,0,113,19
radek-vondracek,2021-01-27,8,0,29,0
tomio-okamura,2021-01-27,9,6,280,170
vladimir-kremlik,2021-01-27,2,0,18,0
adam-vojtech-1,2021-01-26,6,0,19,0
alena-schillerova,2021-01-26,8,0,102,0
alexandra-udzenija,2021-01-26,1,0,26,0
andrej-babis,2021-01-26,7,0,177,0
karel-havlicek-3,2021-01-26,1,0,128,0
klara-dostalova,2021-01-26,3,0,14,0
martin-kupka,2021-01-26,2,0,12,0
milos-zeman,2021-01-26,2,0,16,0
miroslav-kalousek,2021-01-26,5,0,81,0
petr-fiala,2021-01-26,7,0,106,19
tomio-okamura,2021-01-26,18,16,271,164
alena-schillerova,2021-01-25,4,0,94,0
andrej-babis,2021-01-25,1,0,170,0
jan-hamacek,2021-01-25,2,0,28,1
karel-havlicek-3,2021-01-25,4,0,127,0
miroslav-kalousek,2021-01-25,2,0,76,0
petr-fiala,2021-01-25,1,0,99,19
tomio-okamura,2021-01-25,9,6,253,148
alena-schillerova,2021-01-24,7,0,90,0
alexandra-udzenija,2021-01-24,2,0,25,0
andrej-babis,2021-01-24,11,0,169,0
jan-hamacek,2021-01-24,6,0,26,1
karel-havlicek-3,2021-01-24,3,0,123,0
miroslav-kalousek,2021-01-24,2,0,74,0
petr-fiala,2021-01-24,1,0,98,19
tomio-okamura,2021-01-24,8,2,244,142
vladimir-kremlik,2021-01-24,1,0,16,0
zdenek-hrib,2021-01-24,1,0,14,0
alena-schillerova,2021-01-23,5,0,83,0
alexandra-udzenija,2021-01-23,1,0,23,0
karel-havlicek-3,2021-01-23,5,0,120,0
miroslav-kalousek,2021-01-23,2,0,72,0
petr-fiala,2021-01-23,4,0,97,19
tomio-okamura,2021-01-23,12,9,236,140
adam-vojtech-1,2021-01-22,1,0,13,0
alena-schillerova,2021-01-22,2,0,78,0
alexandra-udzenija,2021-01-22,1,0,22,0
andrej-babis,2021-01-22,10,0,158,0
jan-hamacek,2021-01-22,1,0,20,1
karel-havlicek-3,2021-01-22,4,0,115,0
miroslav-kalousek,2021-01-22,4,0,70,0
petr-fiala,2021-01-22,9,4,93,19
tomio-okamura,2021-01-22,12,0,224,131
alena-schillerova,2021-01-21,3,0,76,0
andrej-babis,2021-01-21,7,0,148,0
jan-farsky,2021-01-21,2,0,23,0
jan-hamacek,2021-01-21,2,0,19,1
karel-havlicek-3,2021-01-21,9,0,111,0
martin-kupka,2021-01-21,2,0,10,0
milos-zeman,2021-01-21,1,0,14,0
miroslav-kalousek,2021-01-21,2,0,66,0
petr-fiala,2021-01-21,9,0,84,15
tomio-okamura,2021-01-21,10,6,212,131
alena-schillerova,2021-01-20,5,0,73,0
alexandra-udzenija,2021-01-20,1,0,21,0
andrej-babis,2021-01-20,9,0,141,0
jan-farsky,2021-01-20,2,0,21,0
karel-havlicek-3,2021-01-20,14,0,102,0
miroslav-kalousek,2021-01-20,7,0,64,0
petr-fiala,2021-01-20,8,0,75,15
radek-vondracek,2021-01-20,2,0,21,0
tomio-okamura,2021-01-20,32,28,202,125
vladimir-kremlik,2021-01-20,1,0,15,0
zdenek-hrib,2021-01-20,1,0,13,0
adam-vojtech-1,2021-01-19,3,0,12,0
alena-schillerova,2021-01-19,3,0,68,0
alexandra-udzenija,2021-01-19,2,0,20,0
andrej-babis,2021-01-19,3,0,132,0
jan-hamacek,2021-01-19,3,0,17,1
karel-havlicek-3,2021-01-19,7,0,88,0
milos-zeman,2021-01-19,1,0,13,0
miroslav-kalousek,2021-01-19,6,0,57,0
petr-fiala,2021-01-19,4,0,67,15
petr-gazdik,2021-01-19,3,0,3,0
radek-vondracek,2021-01-19,2,0,19,0
tomio-okamura,2021-01-19,14,10,170,97
zdenek-hrib,2021-01-19,1,0,12,0
alena-schillerova,2021-01-18,7,0,65,0
alexandra-udzenija,2021-01-18,1,0,18,0
andrej-babis,2021-01-18,9,0,129,0
jan-hamacek,2021-01-18,3,0,14,1
karel-havlicek-3,2021-01-18,9,0,81,0
klara-dostalova,2021-01-18,2,0,11,0
miroslav-kalousek,2021-01-18,4,0,51,0
petr-fiala,2021-01-18,2,2,63,15
tomio-okamura,2021-01-18,11,6,156,87
zdenek-hrib,2021-01-18,1,0,11,0
adam-vojtech-1,2021-01-17,1,0,9,0
alena-schillerova,2021-01-17,11,0,58,0
andrej-babis,2021-01-17,4,0,120,0
jan-farsky,2021-01-17,1,0,19,0
martin-kupka,2021-01-17,1,0,8,0
petr-fiala,2021-01-17,6,6,61,13
tomio-okamura,2021-01-17,4,2,145,81
vladimir-kremlik,2021-01-17,1,0,14,0
alena-schillerova,2021-01-16,4,0,47,0
alexandra-udzenija,2021-01-16,1,0,17,0
andrej-babis,2021-01-16,2,0,116,0
karel-havlicek-3,2021-01-16,3,0,72,0
miroslav-kalousek,2021-01-16,2,0,47,0
petr-fiala,2021-01-16,3,0,55,7
tomio-okamura,2021-01-16,6,5,141,79
alena-schillerova,2021-01-15,3,0,43,0
alexandra-udzenija,2021-01-15,5,0,16,0
andrej-babis,2021-01-15,13,0,114,0
jan-farsky,2021-01-15,5,0,18,0
karel-havlicek-3,2021-01-15,9,0,69,0
klara-dostalova,2021-01-15,1,0,9,0
miroslav-kalousek,2021-01-15,4,0,45,0
petr-fiala,2021-01-15,4,0,52,7
tomio-okamura,2021-01-15,13,13,135,74
alena-schillerova,2021-01-14,3,0,40,0
alexandra-udzenija,2021-01-14,3,0,11,0
andrej-babis,2021-01-14,12,0,101,0
karel-havlicek-3,2021-01-14,8,0,60,0
miroslav-kalousek,2021-01-14,4,0,41,0
petr-fiala,2021-01-14,3,3,48,7
radek-vondracek,2021-01-14,1,0,17,0
tomio-okamura,2021-01-14,9,5,122,61
alena-schillerova,2021-01-13,1,0,37,0
andrej-babis,2021-01-13,10,0,89,0
jan-hamacek,2021-01-13,3,1,11,1
karel-havlicek-3,2021-01-13,2,0,52,0
milos-zeman,2021-01-13,2,0,12,0
miroslav-kalousek,2021-01-13,2,0,37,0
petr-fiala,2021-01-13,6,0,45,4
radek-vondracek,2021-01-13,1,0,16,0
tomio-okamura,2021-01-13,8,0,113,56
alena-schillerova,2021-01-12,2,0,36,0
andrej-babis,2021-01-12,7,0,79,0
jan-farsky,2021-01-12,4,0,13,0
jan-hamacek,2021-01-12,2,0,8,0
karel-havlicek-3,2021-01-12,7,0,50,0
martin-kupka,2021-01-12,3,0,7,0
milos-zeman,2021-01-12,1,0,10,0
miroslav-kalousek,2021-01-12,4,0,35,0
petr-fiala,2021-01-12,8,0,39,4
radek-vondracek,2021-01-12,3,0,15,0
tomio-okamura,2021-01-12,11,8,105,56
alena-schillerova,2021-01-11,5,0,34,0
alexandra-udzenija,2021-01-11,2,0,8,0
andrej-babis,2021-01-11,9,0,72,0
jan-farsky,2021-01-11,3,0,9,0
karel-havlicek-3,2021-01-11,2,0,43,0
marketa-pekarova-adamova,2021-01-11,2,0,21,0
martin-kupka,2021-01-11,1,0,4,0
miroslav-kalousek,2021-01-11,4,0,31,0
petr-fiala,2021-01-11,2,0,31,4
tomio-okamura,2021-01-11,13,2,94,48
vladimir-kremlik,2021-01-11,1,0,13,0
zdenek-hrib,2021-01-11,1,0,10,0
alena-schillerova,2021-01-10,4,0,29,0
andrej-babis,2021-01-10,11,0,63,0
jan-hamacek,2021-01-10,1,0,6,0
karel-havlicek-3,2021-01-10,3,0,41,0
marketa-pekarova-adamova,2021-01-10,2,0,19,0
milos-zeman,2021-01-10,4,0,9,0
petr-fiala,2021-01-10,3,1,29,4
tomio-okamura,2021-01-10,8,6,81,46
zdenek-hrib,2021-01-10,2,0,9,0
adam-vojtech-1,2021-01-09,1,0,8,0
alena-schillerova,2021-01-09,2,0,25,0
andrej-babis,2021-01-09,3,0,52,0
karel-havlicek-3,2021-01-09,2,0,38,0
petr-fiala,2021-01-09,5,2,26,3
tomio-okamura,2021-01-09,14,7,73,40
vladimir-kremlik,2021-01-09,2,0,12,0
zdenek-hrib,2021-01-09,1,0,7,0
alena-schillerova,2021-01-08,1,0,23,0
andrej-babis,2021-01-08,6,0,49,0
jan-farsky,2021-01-08,2,0,6,0
jan-hamacek,2021-01-08,1,0,5,0
karel-havlicek-3,2021-01-08,7,0,36,0
klara-dostalova,2021-01-08,2,0,8,0
marketa-pekarova-adamova,2021-01-08,2,0,17,0
milos-zeman,2021-01-08,1,0,5,0
petr-fiala,2021-01-08,2,0,21,1
tomio-okamura,2021-01-08,11,7,59,33
vladimir-kremlik,2021-01-08,4,0,10,0
alena-schillerova,2021-01-07,2,0,22,0
alexandra-udzenija,2021-01-07,1,0,6,0
andrej-babis,2021-01-07,10,0,43,0
jan-farsky,2021-01-07,2,0,4,0
jan-hamacek,2021-01-07,2,0,4,0
karel-havlicek-3,2021-01-07,4,0,29,0
klara-dostalova,2021-01-07,2,0,6,0
marketa-pekarova-adamova,2021-01-07,1,0,15,0
miroslav-kalousek,2021-01-07,4,0,27,0
petr-fiala,2021-01-07,2,0,19,1
tomio-okamura,2021-01-07,10,7,48,26
vladimir-kremlik,2021-01-07,1,0,6,0
adam-vojtech-1,2021-01-06,2,0,7,0
alena-schillerova,2021-01-06,3,0,20,0
andrej-babis,2021-01-06,5,0,33,0
jan-hamacek,2021-01-06,2,0,2,0
karel-havlicek-3,2021-01-06,10,0,25,0
klara-dostalova,2021-01-06,2,0,4,0
marketa-pekarova-adamova,2021-01-06,2,0,14,0
martin-kupka,2021-01-06,2,0,3,0
milos-zeman,2021-01-06,2,0,4,0
miroslav-kalousek,2021-01-06,4,0,23,0
petr-fiala,2021-01-06,8,0,17,1
tomio-okamura,2021-01-06,7,2,38,19
vladimir-kremlik,2021-01-06,1,0,5,0
zdenek-hrib,2021-01-06,1,0,6,0
adam-vojtech-1,2021-01-05,2,0,5,0
alena-schillerova,2021-01-05,5,0,17,0
alexandra-udzenija,2021-01-05,2,0,5,0
andrej-babis,2021-01-05,6,0,28,0
karel-havlicek-3,2021-01-05,10,0,15,0
klara-dostalova,2021-01-05,2,0,2,0
marketa-pekarova-adamova,2021-01-05,4,0,12,0
miroslav-kalousek,2021-01-05,7,0,19,0
petr-fiala,2021-01-05,5,1,9,1
tomio-okamura,2021-01-05,5,0,31,17
vladimir-kremlik,2021-01-05,1,0,4,0
zdenek-hrib,2021-01-05,1,0,5,0
adam-vojtech-1,2021-01-04,2,0,3,0
alena-schillerova,2021-01-04,4,0,12,0
alexandra-udzenija,2021-01-04,1,0,3,0
andrej-babis,2021-01-04,4,0,22,0
karel-havlicek-3,2021-01-04,5,0,5,0
marketa-pekarova-adamova,2021-01-04,6,0,8,0
miroslav-kalousek,2021-01-04,7,0,12,0
petr-fiala,2021-01-04,3,0,4,0
tomio-okamura,2021-01-04,13,9,26,17
vladimir-kremlik,2021-01-04,1,0,3,0
zdenek-hrib,2021-01-04,1,0,4,0
alena-schillerova,2021-01-03,1,0,8,0
andrej-babis,2021-01-03,6,0,18,0
marketa-pekarova-adamova,2021-01-03,1,0,2,0
milos-zeman,2021-01-03,2,0,2,0
miroslav-kalousek,2021-01-03,2,0,5,0
radek-vondracek,2021-01-03,2,0,12,0
tomio-okamura,2021-01-03,4,3,13,8
vladimir-kremlik,2021-01-03,2,0,2,0
alena-schillerova,2021-01-02,5,0,7,0
andrej-babis,2021-01-02,5,0,12,0
miroslav-kalousek,2021-01-02,2,0,3,0
petr-fiala,2021-01-02,1,0,1,0
radek-vondracek,2021-01-02,3,0,10,0
tomio-okamura,2021-01-02,5,4,9,5
adam-vojtech-1,2021-01-01,1,0,1,0
alena-schillerova,2021-01-01,2,0,2,0
alexandra-udzenija,2021-01-01,2,0,2,0
andrej-babis,2021-01-01,7,0,7,0
jan-farsky,2021-01-01,2,0,2,0
marketa-pekarova-adamova,2021-01-01,1,0,1,0
martin-kupka,2021-01-01,1,0,1,0
miroslav-kalousek,2021-01-01,1,0,1,0
radek-vondracek,2021-01-01,7,0,7,0
tomio-okamura,2021-01-01,4,1,4,1
zdenek-hrib,2021-01-01,3,0,3,0
