tweet_id,user_username,text,conversation_id,source,author_id,lang,created_at,possibly_sensitive,in_reply_to_user_id,user_verified,user_name,user_url,user_protected,user_created_at,user_description,user_profile_image_url,user_location,user_pinned_tweet_id,retweet_count,like_count,quote_count,user_tweet_count,user_list_count,user_followers_count,user_following_count,sourcetweet_type,sourcetweet_id,sourcetweet_text,sourcetweet_lang,sourcetweet_author_id
1422272717273841664,tomio_cz,Poslanec SPD Jarda Foldyna m√° podle mƒõ jednoznaƒçnƒõ pravdu! https://t.co/EwjmyRAjgx,1422272717273841664,Twitter for iPhone,1710527172,cs,2021-08-02T19:06:55.000Z,FALSE,,FALSE,Tomio Okamura,https://t.co/Ulv7TykfZL,FALSE,2013-08-29T17:24:17.000Z,"Ofici√°ln√≠ twitter p≈ôedsedy hnut√≠ Svoboda a p≈ô√≠m√° demokracie (SPD) Tomia Okamury. V√≠ce na https://t.co/4VbQWYGZMJ, https://t.co/Ulv7TykfZL",https://pbs.twimg.com/profile_images/808994525385519104/2MBupdXy_normal.jpg,,,17,145,0,6129,167,29612,174,,,,,
1422255526939856896,jhamacek,"Pan kolega V√°lek v√≠, o ƒçem mluv√≠‚Ä¶ https://t.co/cA2fFnC3c3",1422255526939856896,Twitter for iPhone,20664874,cs,2021-08-02T17:58:36.000Z,FALSE,,FALSE,Jan Ham√°ƒçek,https://t.co/egejlTRQs6,FALSE,2009-02-12T09:44:43.000Z,"P≈ôedseda @CSSD, ministr vnitra üá®üáø | Czech Interior Minister | Leader of the Czech Social Democratic Party",https://pbs.twimg.com/profile_images/1272874484576464897/M1nOy19-_normal.jpg,ƒåesk√° republika,,0,66,3,3916,353,89990,484,quoted,1422254340589461505,"Ve FN Brno nezem≈ôel ani jeden ƒçlovƒõk na komplikace COVID po druh√© d√°vce vakc√≠ny. V≈°ichni, co zem≈ôeli, nebyli oƒçkov√°n√≠. Jako n√°mƒõstek FN Brno m√°m  naprosto p≈ôesn√° data. A um√≠r√°n√≠ to bylo dost hnusn√© Pop√≠raƒçe m√°m na h√°ku tak jako v≈°echny pitomce. Darwin to vy≈ôe≈°√≠.",cs,1930406870
1422251730356539393,Vit_Rakusan,"Domn√≠v√°m se, ≈æe Michal Koudelka dok√°zal ve velmi slo≈æit√Ωch podm√≠nk√°ch na≈°√≠ zemƒõ p≈ôesvƒõdƒçit svou prac√≠ v≈°echny, ≈æe je ideovƒõ a hodnotovƒõ ƒçlovƒõkem, kter√Ω demokracii a na≈°e z√°padn√≠ zakotven√≠ h√°j√≠. Z funkce ho m≈Ø≈æe cht√≠t dostat jen ten, kdo tyto hodnoty nevyzn√°v√°.",1422251730356539393,Twitter Web App,715102844270080000,cs,2021-08-02T17:43:31.000Z,FALSE,,FALSE,V√≠t Raku≈°an ‚ö´Ô∏è‚¨õÔ∏è,"",FALSE,2016-03-30T09:06:18.000Z,P≈ôedseda @STANCZ.,https://pbs.twimg.com/profile_images/1410299936034410503/2UbUmM9O_normal.jpg,Czech Republic,,36,766,0,1422,116,37864,331,,,,,
1422227419000344580,tomio_cz,Tomio Okamura: Dne≈°n√≠ aktuality 2.8.2021 https://t.co/oNhC00q36O prost≈ôednictv√≠m @YouTube,1422227419000344580,Twitter Web App,1710527172,cs,2021-08-02T16:06:55.000Z,FALSE,,FALSE,Tomio Okamura,https://t.co/Ulv7TykfZL,FALSE,2013-08-29T17:24:17.000Z,"Ofici√°ln√≠ twitter p≈ôedsedy hnut√≠ Svoboda a p≈ô√≠m√° demokracie (SPD) Tomia Okamury. V√≠ce na https://t.co/4VbQWYGZMJ, https://t.co/Ulv7TykfZL",https://pbs.twimg.com/profile_images/808994525385519104/2MBupdXy_normal.jpg,,,1,9,0,6129,167,29612,174,,,,,
1422207687228547073,tomio_cz,Dovol√≠m si s p≈ôedsedou ƒåSSD Ham√°ƒçkem nesouhlasit. Hnut√≠ SPD odm√≠t√° platit dluhy st√°t≈Ø EU. Hnut√≠ SPD odm√≠t√° euro! https://t.co/7KekwKJHOM,1422207687228547073,Twitter for iPhone,1710527172,cs,2021-08-02T14:48:30.000Z,FALSE,,FALSE,Tomio Okamura,https://t.co/Ulv7TykfZL,FALSE,2013-08-29T17:24:17.000Z,"Ofici√°ln√≠ twitter p≈ôedsedy hnut√≠ Svoboda a p≈ô√≠m√° demokracie (SPD) Tomia Okamury. V√≠ce na https://t.co/4VbQWYGZMJ, https://t.co/Ulv7TykfZL",https://pbs.twimg.com/profile_images/808994525385519104/2MBupdXy_normal.jpg,,,14,95,0,6129,167,29612,174,,,,,
1422203548138450949,alenaschillerov,Dnes je posledn√≠ den pro pod√°n√≠ ≈æ√°dosti o nov√Ω kompenzaƒçn√≠ bonus. Dosud @financnisprava vyplatila ≈æivnostn√≠k≈Øm a dohod√°≈ô≈Øm pomoc za v√≠ce ne≈æ 14 miliard korun üëç https://t.co/frXsKkncFT,1422203548138450949,Twitter Web App,1408164626,cs,2021-08-02T14:32:03.000Z,FALSE,,FALSE,Alena Schillerov√°,"",FALSE,2013-05-06T16:32:47.000Z,"Nesouhlas√≠m s t√≠m, co ≈ô√≠k√°te, ale a≈æ do smrti budu h√°jit Va≈°e pr√°vo to ≈ô√≠kat.",https://pbs.twimg.com/profile_images/1421150921975795712/yu1uaRfs_normal.jpg,"Brno, ƒåesk√° republika",,3,13,1,3718,175,40154,220,quoted,1422160664152481796,"üí∏ K dne≈°n√≠mu dni bylo vyplaceno celkem 576 873 ≈æ√°dost√≠ o nov√Ω kompenzaƒçn√≠ bonus v hodnotƒõ 14 250 900 456 Kƒç.

‚ö† Dnes naposledy je mo≈æn√© ≈æ√°dat o 4. bonusov√© obdob√≠, potom n√°rok ze z√°kona zanik√°.
https://t.co/Nrb5lAz3vW https://t.co/muiaGqmxLT",cs,81659722
1422200449151680525,Vit_Rakusan,"Josef Bernard, l√≠dr v Plze≈àsk√©m kraji. Mu≈æ s p≈ô√≠bƒõhem. https://t.co/y7fMJaB4oo",1422200449151680525,TweetDeck,715102844270080000,cs,2021-08-02T14:19:44.000Z,FALSE,,FALSE,V√≠t Raku≈°an ‚ö´Ô∏è‚¨õÔ∏è,"",FALSE,2016-03-30T09:06:18.000Z,P≈ôedseda @STANCZ.,https://pbs.twimg.com/profile_images/1410299936034410503/2UbUmM9O_normal.jpg,Czech Republic,,0,59,0,1422,116,37864,331,quoted,1422195485117489153,"Pokud chceme b√Ωt √∫spƒõ≈°nou zem√≠, mus√≠me se zamƒõ≈ôit na inovace. Z√°sadn√≠ je i ≈æivotn√≠ prost≈ôed√≠. Jeho ochranu nem≈Ø≈æeme br√°t jako p≈ôek√°≈æku, ale naopak jako v√Ωzvu a p≈ô√≠le≈æitost pro n√°≈° pr≈Ømysl. Takov√° je vize na≈°eho l√≠dra v Plze≈àsk√©m kraji J. Bernarda üëá
#vratmezemibudoucnost ‚ö´‚¨õ https://t.co/pIyKMRRyDc",cs,22930997
1422196620150648840,alenaschillerov,V√≠ce ne≈æ 70 procent dospƒõl√© populace v EU bylo oƒçkov√°no alespo≈à jednou d√°vkou vakc√≠ny üëç https://t.co/kua0OUWyOu,1422196620150648840,Twitter Web App,1408164626,cs,2021-08-02T14:04:32.000Z,FALSE,,FALSE,Alena Schillerov√°,"",FALSE,2013-05-06T16:32:47.000Z,"Nesouhlas√≠m s t√≠m, co ≈ô√≠k√°te, ale a≈æ do smrti budu h√°jit Va≈°e pr√°vo to ≈ô√≠kat.",https://pbs.twimg.com/profile_images/1421150921975795712/yu1uaRfs_normal.jpg,"Brno, ƒåesk√° republika",,0,22,1,3718,175,40154,220,quoted,1421507446460272641,"For your own health and to protect others, vaccination is key. ü©π

This week we reached the symbolic milestone of 70% of the EU adult population who received at least one dose.

But we need to keep up the effort. Full vaccination is the way out of the pandemic.",en,157981564
1422190573226766339,KarelHavlicek_,"@StredoceskyK chce, aby st√°t n√°kladnƒõ udr≈æoval ≈æel.tratƒõ, ale nebude na nich provozovat vlaky. Kraj uspo≈ô√≠ p√°r milion≈Ø, st√°t prodƒõl√° stovky milion≈Ø, kter√© dal do budov, zabezpeƒçen√≠, p≈ôejezd≈Ø. Ru≈°en√≠ vlak≈Ø a zdra≈æen√≠ j√≠zdn√©ho nen√≠ cesta k ekologick√© dopravƒõ!https://t.co/mR0O9ooayd",1422190573226766339,Twitter Web App,1105851826702897152,cs,2021-08-02T13:40:30.000Z,FALSE,1326872720928346112,FALSE,Karel Havl√≠ƒçek,"",FALSE,2019-03-13T15:23:16.000Z,"M√≠stop≈ôedseda Vl√°dy ƒåR @strakovka, ministr @mpo_tweetuje, ministr @min_dopravy a m√≠stop≈ôedseda @Vedavyzkum",https://pbs.twimg.com/profile_images/1267448425416667136/LJWj2A2r_normal.jpg,,,0,0,0,2907,128,25438,200,,,,,
1422186538641862658,alenaschillerov,"Je tu NOV√ù T√ùDEN a s n√≠m d≈Øle≈æit√° zpr√°va. ƒåesk√Ω n√°rodn√≠ pl√°n obnovy bude projedn√°n ministry financ√≠ v pondƒõl√≠ 6. z√°≈ô√≠. Do konce z√°≈ô√≠ bychom mohli dostat prvn√≠ pen√≠ze, zhruba 23 miliard. T≈ôeba na digitalizaci √∫≈ôad≈Ø, elektronizaci zdravotnictv√≠ nebo modernizaci ve≈ôejn√© dopravy üá®üáøüá™üá∫ https://t.co/z6iaE4ErQm",1422186538641862658,Twitter Web App,1408164626,cs,2021-08-02T13:24:28.000Z,FALSE,,FALSE,Alena Schillerov√°,"",FALSE,2013-05-06T16:32:47.000Z,"Nesouhlas√≠m s t√≠m, co ≈ô√≠k√°te, ale a≈æ do smrti budu h√°jit Va≈°e pr√°vo to ≈ô√≠kat.",https://pbs.twimg.com/profile_images/1421150921975795712/yu1uaRfs_normal.jpg,"Brno, ƒåesk√° republika",,7,42,4,3718,175,40154,220,,,,,
1422183396852240393,KarelHavlicek_,"Pir√°ti slibovali bezplatn√© MHD. Realita? V Praze zdra≈æuj√≠ o 25% a @ZdenekHrib to od≈Øvod≈àuje, ≈æe se 10 let nezdra≈æilo. Pir√°ti t√≠m poru≈°uj√≠ sv√© sliby, dokazuj√≠ svou neschopnost hospoda≈ôit s penƒõzi a p≈ôistupuj√≠ k nejjednodu≈°≈°√≠ variantƒõ - zdra≈æ√≠ lidem slu≈æby. https://t.co/dsvVNO5d8l",1422183396852240393,Twitter Web App,1105851826702897152,cs,2021-08-02T13:11:59.000Z,FALSE,,FALSE,Karel Havl√≠ƒçek,"",FALSE,2019-03-13T15:23:16.000Z,"M√≠stop≈ôedseda Vl√°dy ƒåR @strakovka, ministr @mpo_tweetuje, ministr @min_dopravy a m√≠stop≈ôedseda @Vedavyzkum",https://pbs.twimg.com/profile_images/1267448425416667136/LJWj2A2r_normal.jpg,,,15,126,9,2907,128,25438,200,,,,,
1422179557759721472,alenaschillerov,"Celkem byla k 31. ƒçervenci 2021 na podporu ekonomiky p≈ôijata opat≈ôen√≠ ve v√Ω≈°i 1 483,4 mld. Kƒç, co≈æ odpov√≠d√° 25,9 % na≈°eho HDP. Z toho na p≈ô√≠mou pomoc 568,9 mld. Kƒç, zhruba 10 % HDP. https://t.co/krM598m4tl",1422179548381302790,Twitter Web App,1408164626,cs,2021-08-02T12:56:44.000Z,FALSE,1408164626,FALSE,Alena Schillerov√°,"",FALSE,2013-05-06T16:32:47.000Z,"Nesouhlas√≠m s t√≠m, co ≈ô√≠k√°te, ale a≈æ do smrti budu h√°jit Va≈°e pr√°vo to ≈ô√≠kat.",https://pbs.twimg.com/profile_images/1421150921975795712/yu1uaRfs_normal.jpg,"Brno, ƒåesk√° republika",,4,9,0,3718,175,40154,220,,,,,
1422179548381302790,alenaschillerov,"Pokraƒçuje i vl√°dn√≠ pomoc ekonomice na zm√≠rnƒõn√≠ dopad≈Ø pandemie, kter√° k 31. ƒçervenci 2021 dos√°hla ƒç√°stky 528,8 mld. Kƒç. Z toho pomoc ekonomice letos ƒçin√≠ zhruba 230 mld. Kƒç. Z p≈ô√≠m√© pomoci ≈°lo celkem nejv√≠c na program Antivirus (49,1 mld. Kƒç) a kompenzaƒçn√≠ bonus (43,5 mld. Kƒç). https://t.co/oeTbFR5r4A",1422179548381302790,Twitter Web App,1408164626,cs,2021-08-02T12:56:41.000Z,FALSE,,FALSE,Alena Schillerov√°,"",FALSE,2013-05-06T16:32:47.000Z,"Nesouhlas√≠m s t√≠m, co ≈ô√≠k√°te, ale a≈æ do smrti budu h√°jit Va≈°e pr√°vo to ≈ô√≠kat.",https://pbs.twimg.com/profile_images/1421150921975795712/yu1uaRfs_normal.jpg,"Brno, ƒåesk√° republika",,2,17,0,3718,175,40154,220,,,,,
1422176725161680896,KarelHavlicek_,"LINET nen√≠ jen symbol ƒçesk√©ho pr≈Ømyslu, inovac√≠ a exportu, ale i vzor, jak v r√°mci podniku ≈ô√≠dit testov√°n√≠ a motivovat k oƒçkov√°n√≠. I d√≠ky tomu je v√≠ce jak 70% jejich zamƒõstnanc≈Ø ji≈æ oƒçkov√°no. Dnes na n√°v≈°tƒõvƒõ ve v√Ωrobƒõ ve Slan√©m. https://t.co/bO9YjKa6Jh",1422176725161680896,Twitter for Android,1105851826702897152,cs,2021-08-02T12:45:28.000Z,FALSE,,FALSE,Karel Havl√≠ƒçek,"",FALSE,2019-03-13T15:23:16.000Z,"M√≠stop≈ôedseda Vl√°dy ƒåR @strakovka, ministr @mpo_tweetuje, ministr @min_dopravy a m√≠stop≈ôedseda @Vedavyzkum",https://pbs.twimg.com/profile_images/1267448425416667136/LJWj2A2r_normal.jpg,,,2,56,2,2907,128,25438,200,,,,,
1422174868511014915,alenaschillerov,"Dopady rozvolnƒõn√≠ se prom√≠tly zejm√©na do v√Ωbƒõru dan√≠ vƒçetnƒõ pojistn√©ho. Jejich objem se v ƒçervenci meziroƒçnƒõ zv√Ω≈°il o 10,9 mld. Kƒç, ƒç√≠m≈æ p≈ôekroƒçil i √∫rove≈à z ƒçervence p≈ôedkrizov√©ho roku 2019. https://t.co/UKeJENjZDe",1422174866653040641,Twitter Web App,1408164626,cs,2021-08-02T12:38:06.000Z,FALSE,1408164626,FALSE,Alena Schillerov√°,"",FALSE,2013-05-06T16:32:47.000Z,"Nesouhlas√≠m s t√≠m, co ≈ô√≠k√°te, ale a≈æ do smrti budu h√°jit Va≈°e pr√°vo to ≈ô√≠kat.",https://pbs.twimg.com/profile_images/1421150921975795712/yu1uaRfs_normal.jpg,"Brno, ƒåesk√° republika",,1,10,0,3718,175,40154,220,,,,,
1422174866653040641,alenaschillerov,"Deficit hospoda≈ôen√≠ rozpoƒçtu za ƒçervenec se oproti ƒçervnu zv√Ω≈°il o 14,3 mld. Kƒç. Druh√Ω mƒõs√≠c v ≈ôadƒõ do≈°lo k v√Ωraznƒõ ni≈æ≈°√≠mu propadu salda ne≈æ v prvn√≠ch 5 mƒõs√≠c√≠ch roku. Sledujeme pokraƒçov√°n√≠ trendu v√Ωznamn√©ho zpomalen√≠ r≈Østu schodku a postupn√©ho navracen√≠ ekonomiky do norm√°lu.",1422174866653040641,Twitter Web App,1408164626,cs,2021-08-02T12:38:05.000Z,FALSE,,FALSE,Alena Schillerov√°,"",FALSE,2013-05-06T16:32:47.000Z,"Nesouhlas√≠m s t√≠m, co ≈ô√≠k√°te, ale a≈æ do smrti budu h√°jit Va≈°e pr√°vo to ≈ô√≠kat.",https://pbs.twimg.com/profile_images/1421150921975795712/yu1uaRfs_normal.jpg,"Brno, ƒåesk√° republika",,0,29,1,3718,175,40154,220,,,,,
1422155614814457860,tomio_cz,Tomio Okamura v TV CNN Prima News o nejaktu√°lnƒõj≈°√≠ situaci kolem vl√°dn√≠c... https://t.co/PnwLc27uOt prost≈ôednictv√≠m @YouTube,1422155614814457860,Twitter Web App,1710527172,cs,2021-08-02T11:21:35.000Z,FALSE,,FALSE,Tomio Okamura,https://t.co/Ulv7TykfZL,FALSE,2013-08-29T17:24:17.000Z,"Ofici√°ln√≠ twitter p≈ôedsedy hnut√≠ Svoboda a p≈ô√≠m√° demokracie (SPD) Tomia Okamury. V√≠ce na https://t.co/4VbQWYGZMJ, https://t.co/Ulv7TykfZL",https://pbs.twimg.com/profile_images/808994525385519104/2MBupdXy_normal.jpg,,,0,9,0,6129,167,29612,174,,,,,
1422152600363864068,AndrejBabis,"Dnes je Pam√°tn√Ω den romsk√©ho holokaustu. 2. srpna 1944 nacist√© v Osvƒõtimi zavra≈ædili tis√≠ce Rom≈Ø. V srpnu 1942 byl v Letech zalo≈æen tzv. cik√°nsk√Ω t√°bor, kter√Ωm pro≈°lo v√≠ce ne≈æ 1300 Rom≈Ø, p≈ôes 300 z nich tam zem≈ôelo. Ty hr≈Øzy mus√≠me m√≠t neust√°le na pamƒõti a nikdy nezapomenout.",1422152600363864068,Twitter Web App,713035525,cs,2021-08-02T11:09:36.000Z,FALSE,,TRUE,Andrej Babi≈°,https://t.co/gBCJS8I2Z2,FALSE,2012-07-23T20:12:03.000Z,Obƒçan ƒåR,https://pbs.twimg.com/profile_images/1415915729040314370/WHBP4JHt_normal.jpg,,,9,159,10,13960,777,453866,242,,,,,
1422140022715715584,KarelHavlicek_,"Mimo rychl√©ho milionu na ≈°kody vznikl√© torn√°dem, kter√© se ji≈æ pr≈Øbƒõ≈ænƒõ propl√°c√≠, mohou podnikatel√© novƒõ z√≠skat a≈æ 35 mil Kƒç na obnovu po≈°kozen√Ωch nemovitost√≠. V nov√©m programu MPO je na pomoc p≈ôipraveno 500 mil Kƒç. Dnes zve≈ôejnƒõna v√Ωzva. Podrobnosti https://t.co/jeEnZLJlad",1422140022715715584,Twitter for Android,1105851826702897152,cs,2021-08-02T10:19:38.000Z,FALSE,,FALSE,Karel Havl√≠ƒçek,"",FALSE,2019-03-13T15:23:16.000Z,"M√≠stop≈ôedseda Vl√°dy ƒåR @strakovka, ministr @mpo_tweetuje, ministr @min_dopravy a m√≠stop≈ôedseda @Vedavyzkum",https://pbs.twimg.com/profile_images/1267448425416667136/LJWj2A2r_normal.jpg,,,3,22,1,2907,128,25438,200,,,,,
1422135195671613440,tomio_cz,Spojenkynƒõ SPD ve spoleƒçn√© evropsk√© vlasteneck√© frakci a moje kamar√°dka Marine Le Penov√° m√° podle mƒõ pravdu. Vlastenci se mus√≠ spojit proti islamizaci a dikt√°tu Bruselu a slun√≠ƒçk√°≈ô≈Ø! https://t.co/VS9CH6OFxy,1422135195671613440,Twitter for iPhone,1710527172,cs,2021-08-02T10:00:27.000Z,FALSE,,FALSE,Tomio Okamura,https://t.co/Ulv7TykfZL,FALSE,2013-08-29T17:24:17.000Z,"Ofici√°ln√≠ twitter p≈ôedsedy hnut√≠ Svoboda a p≈ô√≠m√° demokracie (SPD) Tomia Okamury. V√≠ce na https://t.co/4VbQWYGZMJ, https://t.co/Ulv7TykfZL",https://pbs.twimg.com/profile_images/808994525385519104/2MBupdXy_normal.jpg,,,8,73,0,6129,167,29612,174,,,,,
1422134233443745795,KarelHavlicek_,"Slib, kter√Ω jsme dali podnikatel≈Øm v kultu≈ôe splnƒõn. Organiz√°to≈ôi kulturn√≠ch akc√≠ mohou ≈æ√°dat o podporu v dal≈°√≠ COVID v√Ωzvƒõ, p≈ôipraveno m√°me 300 mil. ≈Ω√°dosti zaƒç√≠n√°me na MPO p≈ôij√≠mat z√≠tra. Jeden ≈æadatel m≈Ø≈æe dostat a≈æ pƒõt milion≈Ø korun. Podrobnosti na https://t.co/ZQkZCpXQt3 https://t.co/noBlTl0Yti",1422134233443745795,Twitter for Android,1105851826702897152,cs,2021-08-02T09:56:37.000Z,FALSE,,FALSE,Karel Havl√≠ƒçek,"",FALSE,2019-03-13T15:23:16.000Z,"M√≠stop≈ôedseda Vl√°dy ƒåR @strakovka, ministr @mpo_tweetuje, ministr @min_dopravy a m√≠stop≈ôedseda @Vedavyzkum",https://pbs.twimg.com/profile_images/1267448425416667136/LJWj2A2r_normal.jpg,,,5,26,2,2907,128,25438,200,,,,,
1422125568796016644,alenaschillerov,Shoda na velmi dobr√© ekonomick√© situaci ƒåesk√© republiky panuje nap≈ô√≠ƒç svƒõtov√Ωmi ratingov√Ωmi agenturami. Podle aktu√°ln√≠ ratingov√© zpr√°vy japonsk√© R&amp;I se ƒçesk√Ω dluh dr≈æ√≠ v √∫mƒõrn√Ωch mez√≠ch üëç https://t.co/iHsxNjuDKl,1422125568796016644,Twitter Web App,1408164626,cs,2021-08-02T09:22:12.000Z,FALSE,,FALSE,Alena Schillerov√°,"",FALSE,2013-05-06T16:32:47.000Z,"Nesouhlas√≠m s t√≠m, co ≈ô√≠k√°te, ale a≈æ do smrti budu h√°jit Va≈°e pr√°vo to ≈ô√≠kat.",https://pbs.twimg.com/profile_images/1421150921975795712/yu1uaRfs_normal.jpg,"Brno, ƒåesk√° republika",,7,57,2,3718,175,40154,220,quoted,1422124386279202820,Japonsk√° ratingov√° agentura Rating and Investment Information (R&amp;I) dnes potvrdila vysok√© hodnocen√≠ ƒåesk√© republiky na √∫rovni AA- se stabiln√≠m v√Ωhledem. ƒåesk√° ekonomika by se podle n√≠ u≈æ letos mƒõla ƒç√°steƒçnƒõ zotavit z koronavirov√© krize ‚û°Ô∏è https://t.co/KIR8Ka0gkb,cs,724925828392427521
1422118475561119746,KarelHavlicek_,"Ryze ƒçesk√° firma Stabilplastik,15 zamƒõstnanc≈Ø, Mƒõ≈°ice. Vyr√°b√≠ z recyklovan√©ho plastu palety, ≈ælaby, vyvinut√© mj. s ƒåVUT. Covidov√© obdob√≠ zvl√°dla firma bez vƒõt≈°√≠ch v√Ωpadk≈Ø. S majitelem jsme jednali o podpo≈ôe ze strany MPO a zajist√≠me mu rovnƒõ≈æ setk√°n√≠ s ministrem R.Brabcem. https://t.co/g105BFi64h",1422118475561119746,Twitter for Android,1105851826702897152,cs,2021-08-02T08:54:00.000Z,FALSE,,FALSE,Karel Havl√≠ƒçek,"",FALSE,2019-03-13T15:23:16.000Z,"M√≠stop≈ôedseda Vl√°dy ƒåR @strakovka, ministr @mpo_tweetuje, ministr @min_dopravy a m√≠stop≈ôedseda @Vedavyzkum",https://pbs.twimg.com/profile_images/1267448425416667136/LJWj2A2r_normal.jpg,,,3,61,4,2907,128,25438,200,,,,,
1422106180525121538,AndrejBabis,"Boje v Kuvajtu sledovala spousta z n√°s v p≈ô√≠m√©m p≈ôenosu a na≈°i chemici si tam z√≠skali obrovsk√Ω respekt. Na≈°e Arm√°da n√°m v≈ædycky pomohla, dƒõkujeme! https://t.co/5FWtw1wJhh",1422106180525121538,Twitter Web App,713035525,cs,2021-08-02T08:05:09.000Z,FALSE,,TRUE,Andrej Babi≈°,https://t.co/gBCJS8I2Z2,FALSE,2012-07-23T20:12:03.000Z,Obƒçan ƒåR,https://pbs.twimg.com/profile_images/1415915729040314370/WHBP4JHt_normal.jpg,,,5,56,4,13960,777,453866,242,quoted,1422072630274822144,"Naprosto z√°sadn√≠ zlom. Pou≈°tn√≠ ≈°t√≠t 1990. P≈ôed 31 lety zaƒçala operace proti ir√°ck√Ωm voj√°k≈Øm v Kuvajtu. Na≈°i chemici poprv√© po des√≠tk√°ch let v zahraniƒç√≠. Dok√°zali, ≈æe um√≠ bojovat, p≈ôizp≈Øsobit se a podpo≈ôit spojence. Respekt a uzn√°n√≠ pat≈ô√≠ v≈°em veter√°n≈Øm ze Z√°livu. https://t.co/wjoAN7SDRf",cs,493539183
1422101752669736960,Vit_Rakusan,"Dnes je mezin√°rodn√≠ Den romsk√©ho holocaustu. P≈ôipom√≠n√° noc z 2. na 3. srpna, kdy nacist√© zavra≈ædili p≈ôes 3000 Rom≈Ø a Sint≈Ø v koncentraƒçn√≠m t√°bo≈ôe Osvƒõtim. Nezapome≈àme a u≈æ nikdy nedovolme, aby byla stejn√Ωm zp≈Øsobem trest√°na jak√°koliv skupina lid√≠ jen za to, k√Ωm se narod√≠.",1422101752669736960,Twitter Web App,715102844270080000,cs,2021-08-02T07:47:33.000Z,FALSE,,FALSE,V√≠t Raku≈°an ‚ö´Ô∏è‚¨õÔ∏è,"",FALSE,2016-03-30T09:06:18.000Z,P≈ôedseda @STANCZ.,https://pbs.twimg.com/profile_images/1410299936034410503/2UbUmM9O_normal.jpg,Czech Republic,,19,262,3,1422,116,37864,331,,,,,
1422084048432902148,KarelHavlicek_,"D√°l obj√≠≈æd√≠m koloni√°ly na vesnic√≠ch s na≈°√≠m programem Obch≈Ødek 2021+, dnes r√°no v Kamenn√Ωch ≈Ωehrovic√≠ch. Vypisujeme ho u≈æ 4.8. a plat√≠ pro prodejny v obci do 1 tis obyvatel. ƒåasto je to jedin√© m√≠sto, kde se lid√© m≈Ø≈æou setk√°vat a z√°rove≈à pro nƒõ udr≈æ√≠me z√°kladn√≠ obslu≈ænost. https://t.co/DVB710DK6C",1422084048432902148,Twitter for Android,1105851826702897152,cs,2021-08-02T06:37:12.000Z,FALSE,,FALSE,Karel Havl√≠ƒçek,"",FALSE,2019-03-13T15:23:16.000Z,"M√≠stop≈ôedseda Vl√°dy ƒåR @strakovka, ministr @mpo_tweetuje, ministr @min_dopravy a m√≠stop≈ôedseda @Vedavyzkum",https://pbs.twimg.com/profile_images/1267448425416667136/LJWj2A2r_normal.jpg,,,6,71,7,2907,128,25438,200,,,,,
